employee_id,employee_name,experience,primary_skill,secondary_skill,skill_group,location,domain,allocation_status,bench_age,current_project,availability_date,certification,education,preferred_work_mode,preferred_domain,years_in_current_skill,communication_rating,last_project_rating,experience_band,employee_profile,semantic_match_score,rule_fit_score,recommendation_reason,final_fit_score,bench_risk,employee_cluster,recommendation_rank
EMP0129,Nisha Singh,5.6,Java,Microservices,Backend,Delhi,Retail,Unallocated,128,Available,2026-09-17,Java Certification,B.E.,Hybrid,Healthcare,2.5,4.4,4.0,5-8 Years,Role Java; secondary Microservices; group Backend; location Delhi; domain Retail; experience 5.6; certification Java Certification; preferred domain Healthcare; work mode Hybrid,88.57,80.0,"Primary skill matches, Experience is in required range, Skill group matches, Currently unallocated, Strong communication rating, Strong previous project rating",83.43,Needs Attention,2,1
EMP0303,Priya Gupta,4.4,Java,React,Backend,Hyderabad,Retail,Unallocated,137,Available,2026-10-11,ISTQB,MCA,Onsite,Insurance,1.6,3.4,4.3,2-5 Years,Role Java; secondary React; group Backend; location Hyderabad; domain Retail; experience 4.4; certification ISTQB; preferred domain Insurance; work mode Onsite,87.06,77.5,"Primary skill matches, Experience is in required range, Skill group matches, Currently unallocated, Strong previous project rating",81.32,Needs Attention,2,2
EMP0086,Isha Mishra,4.6,Java,Python,Backend,Pune,Healthcare,Unallocated,23,Available,2026-10-14,AWS Certified,MCA,Onsite,Manufacturing,2.1,4.0,3.8,2-5 Years,Role Java; secondary Python; group Backend; location Pune; domain Healthcare; experience 4.6; certification AWS Certified; preferred domain Manufacturing; work mode Onsite,87.04,77.5,"Primary skill matches, Experience is in required range, Skill group matches, Currently unallocated, Strong communication rating",81.32,Normal,2,3
EMP0172,Siddharth Mehta,4.9,Java,REST APIs,Backend,Mumbai,Banking,Allocated,11,Digital Payments,2026-09-28,ISTQB,B.Tech,Onsite,Healthcare,2.4,3.6,3.0,2-5 Years,Role Java; secondary REST APIs; group Backend; location Mumbai; domain Banking; experience 4.9; certification ISTQB; preferred domain Healthcare; work mode Onsite,89.36,75.0,"Primary skill matches, Experience is in required range, Skill group matches, Domain matches",80.74,Normal,2,4
EMP0012,Sneha Verma,8.3,Java,REST APIs,Backend,Bangalore,Telecom,Unallocated,17,Available,2026-08-31,Power BI Certification,MCA,Hybrid,Telecom,3.6,4.8,3.9,8+ Years,Role Java; secondary REST APIs; group Backend; location Bangalore; domain Telecom; experience 8.3; certification Power BI Certification; preferred domain Telecom; work mode Hybrid,86.98,75.5,"Primary skill matches, Experience is close to required range, Skill group matches, Location matches, Currently unallocated, Strong communication rating",80.09,Normal,2,5
EMP0001,Priya Kulkarni,8.7,Java,DAX,Backend,Mumbai,Banking,Unallocated,35,Available,2026-10-15,Scrum Master,B.Tech,Hybrid,Banking,4.2,3.8,2.6,8+ Years,Role Java; secondary DAX; group Backend; location Mumbai; domain Banking; experience 8.7; certification Scrum Master; preferred domain Banking; work mode Hybrid,86.6,73.0,"Primary skill matches, Experience is close to required range, Skill group matches, Domain matches, Currently unallocated",78.44,Monitor,2,6
EMP0104,Anil Iyer,2.0,Go,Microservices,Backend,Bangalore,Manufacturing,Unallocated,80,Available,2026-08-24,,B.Sc,Remote,Telecom,0.8,4.4,4.3,0-2 Years,Role Go; secondary Microservices; group Backend; location Bangalore; domain Manufacturing; experience 2.0; certification nan; preferred domain Telecom; work mode Remote,84.25,72.0,"Secondary skill is relevant, Experience is in required range, Skill group matches, Location matches, Currently unallocated, Strong communication rating, Strong previous project rating",76.9,Needs Attention,2,7
EMP0300,Siddharth Iyer,11.2,Java,DAX,Backend,Bangalore,Insurance,Allocated,12,API Modernization,2026-08-13,Java Certification,MCA,Remote,Manufacturing,10.4,4.8,2.9,8+ Years,Role Java; secondary DAX; group Backend; location Bangalore; domain Insurance; experience 11.2; certification Java Certification; preferred domain Manufacturing; work mode Remote,87.24,65.5,"Primary skill matches, Experience is close to required range, Skill group matches, Location matches, Strong communication rating",74.2,Normal,2,8
EMP0342,Meera Iyer,8.0,Java,REST APIs,Backend,Kolkata,Retail,Unallocated,7,Available,2026-10-26,,MCA,Hybrid,Manufacturing,3.5,2.9,3.7,5-8 Years,Role Java; secondary REST APIs; group Backend; location Kolkata; domain Retail; experience 8.0; certification nan; preferred domain Manufacturing; work mode Hybrid,87.05,63.0,"Primary skill matches, Experience is close to required range, Skill group matches, Currently unallocated",72.62,Normal,2,9
EMP0209,Arjun Iyer,7.8,Java,Python,Backend,Bangalore,Technology,Allocated,13,CRM Upgrade,2026-10-06,Scrum Master,B.Sc,Onsite,Technology,7.1,3.9,3.1,5-8 Years,Role Java; secondary Python; group Backend; location Bangalore; domain Technology; experience 7.8; certification Scrum Master; preferred domain Technology; work mode Onsite,86.61,63.0,"Primary skill matches, Experience is close to required range, Skill group matches, Location matches",72.44,Normal,2,10
EMP0324,Aditya Kulkarni,10.9,Go,SQL,Backend,Bangalore,Manufacturing,Unallocated,87,Available,2026-09-18,Java Certification,MCA,Hybrid,Telecom,4.8,4.9,4.8,8+ Years,Role Go; secondary SQL; group Backend; location Bangalore; domain Manufacturing; experience 10.9; certification Java Certification; preferred domain Telecom; work mode Hybrid,86.13,60.0,"Secondary skill is relevant, Experience is close to required range, Skill group matches, Location matches, Currently unallocated, Strong communication rating, Strong previous project rating",70.45,Needs Attention,2,11
EMP0296,Aditya Iyer,4.6,Go,SQL,Backend,Delhi,Manufacturing,Unallocated,111,Available,2026-10-22,Scrum Master,MCA,Hybrid,Retail,1.8,4.1,3.8,2-5 Years,Role Go; secondary SQL; group Backend; location Delhi; domain Manufacturing; experience 4.6; certification Scrum Master; preferred domain Retail; work mode Hybrid,82.74,59.5,"Secondary skill is relevant, Experience is in required range, Skill group matches, Currently unallocated, Strong communication rating",68.8,Needs Attention,2,12
EMP0233,Vikram Nair,9.9,Java,React,Backend,Mumbai,Retail,Allocated,5,Digital Payments,2026-09-17,ISTQB,B.E.,Hybrid,Healthcare,5.8,3.6,4.6,8+ Years,Role Java; secondary React; group Backend; location Mumbai; domain Retail; experience 9.9; certification ISTQB; preferred domain Healthcare; work mode Hybrid,87.56,55.5,"Primary skill matches, Experience is close to required range, Skill group matches, Strong previous project rating",68.32,Normal,2,13
EMP0344,Neha Verma,3.6,Python,SQL,Backend,Mumbai,Telecom,Unallocated,96,Available,2026-09-19,GCP Certified,B.Sc,Hybrid,Technology,2.9,3.3,4.6,2-5 Years,Role Python; secondary SQL; group Backend; location Mumbai; domain Telecom; experience 3.6; certification GCP Certified; preferred domain Technology; work mode Hybrid,81.33,59.5,"Secondary skill is relevant, Experience is in required range, Skill group matches, Currently unallocated, Strong previous project rating",68.23,Needs Attention,2,14
EMP0229,Shruti Singh,5.4,Node.js,SQL,Backend,Hyderabad,Manufacturing,Unallocated,64,Available,2026-10-27,AWS Certified,M.Tech,Remote,Manufacturing,2.2,3.8,4.1,5-8 Years,Role Node.js; secondary SQL; group Backend; location Hyderabad; domain Manufacturing; experience 5.4; certification AWS Certified; preferred domain Manufacturing; work mode Remote,80.85,59.5,"Secondary skill is relevant, Experience is in required range, Skill group matches, Currently unallocated, Strong previous project rating",68.04,Needs Attention,2,15
EMP0319,Priya Singh,2.7,Python,Spring Boot,Backend,Hyderabad,Telecom,Unallocated,21,Available,2026-08-19,Power BI Certification,B.Tech,Remote,Manufacturing,2.2,3.3,3.7,2-5 Years,Role Python; secondary Spring Boot; group Backend; location Hyderabad; domain Telecom; experience 2.7; certification Power BI Certification; preferred domain Manufacturing; work mode Remote,84.42,57.0,"Secondary skill is relevant, Experience is in required range, Skill group matches, Currently unallocated",67.97,Normal,2,16
EMP0321,Sneha Mehta,2.7,C#,AWS,Backend,Bangalore,Banking,Allocated,8,CRM Upgrade,2026-10-24,Power BI Certification,M.Tech,Hybrid,Banking,1.4,4.7,3.5,2-5 Years,Role C#; secondary AWS; group Backend; location Bangalore; domain Banking; experience 2.7; certification Power BI Certification; preferred domain Banking; work mode Hybrid,83.68,57.5,"Experience is in required range, Skill group matches, Location matches, Domain matches, Strong communication rating",67.97,Normal,2,17
EMP0008,Vikram Patel,8.0,Java,Kubernetes,Backend,Pune,Insurance,Allocated,8,API Modernization,2026-08-01,Power BI Certification,B.Sc,Hybrid,Telecom,7.2,4.7,3.2,5-8 Years,Role Java; secondary Kubernetes; group Backend; location Pune; domain Insurance; experience 8.0; certification Power BI Certification; preferred domain Telecom; work mode Hybrid,86.05,55.5,"Primary skill matches, Experience is close to required range, Skill group matches, Strong communication rating",67.72,Normal,2,18
EMP0134,Divya Verma,11.4,Python,Spring Boot,Backend,Kolkata,Banking,Unallocated,32,Available,2026-09-08,,B.Sc,Remote,Telecom,6.6,3.1,3.7,8+ Years,Role Python; secondary Spring Boot; group Backend; location Kolkata; domain Banking; experience 11.4; certification nan; preferred domain Telecom; work mode Remote,84.57,55.0,"Secondary skill is relevant, Experience is close to required range, Skill group matches, Domain matches, Currently unallocated",66.83,Monitor,2,19
EMP0318,Rahul Nair,7.9,Java,REST APIs,Backend,Mumbai,Manufacturing,Allocated,11,Core Banking Modernization,2026-09-09,GCP Certified,M.Tech,Onsite,Technology,7.5,3.6,2.9,5-8 Years,Role Java; secondary REST APIs; group Backend; location Mumbai; domain Manufacturing; experience 7.9; certification GCP Certified; preferred domain Technology; work mode Onsite,86.81,53.0,"Primary skill matches, Experience is close to required range, Skill group matches",66.52,Normal,2,20
EMP0175,Ananya Kulkarni,4.9,React,Microservices,Frontend,Delhi,Banking,Unallocated,59,Available,2026-08-01,Java Certification,MCA,Hybrid,Insurance,3.5,3.8,3.6,2-5 Years,Role React; secondary Microservices; group Frontend; location Delhi; domain Banking; experience 4.9; certification Java Certification; preferred domain Insurance; work mode Hybrid,85.98,52.0,"Secondary skill is relevant, Experience is in required range, Domain matches, Currently unallocated",65.59,Monitor,2,21
EMP0116,Pooja Chopra,4.6,Node.js,SQL,Backend,Hyderabad,Telecom,On Notice,17,Available,2026-10-05,Scrum Master,B.Sc,Hybrid,Banking,1.7,4.3,4.5,2-5 Years,Role Node.js; secondary SQL; group Backend; location Hyderabad; domain Telecom; experience 4.6; certification Scrum Master; preferred domain Banking; work mode Hybrid,84.94,52.0,"Secondary skill is relevant, Experience is in required range, Skill group matches, Strong communication rating, Strong previous project rating",65.18,Normal,2,22
EMP0015,Aditya Khan,2.3,Python,Spring Boot,Backend,Hyderabad,Healthcare,Allocated,6,Core Banking Modernization,2026-09-19,Power BI Certification,MCA,Remote,Healthcare,1.8,4.3,4.5,2-5 Years,Role Python; secondary Spring Boot; group Backend; location Hyderabad; domain Healthcare; experience 2.3; certification Power BI Certification; preferred domain Healthcare; work mode Remote,84.87,52.0,"Secondary skill is relevant, Experience is in required range, Skill group matches, Strong communication rating, Strong previous project rating",65.15,Normal,2,23
EMP0254,Vikram Sharma,8.7,AWS,Microservices,Cloud,Bangalore,Banking,Unallocated,117,Available,2026-08-23,Power BI Certification,B.Sc,Hybrid,Telecom,7.3,4.8,3.5,8+ Years,Role AWS; secondary Microservices; group Cloud; location Bangalore; domain Banking; experience 8.7; certification Power BI Certification; preferred domain Telecom; work mode Hybrid,81.2,52.5,"Secondary skill is relevant, Experience is close to required range, Location matches, Domain matches, Currently unallocated, Strong communication rating",63.98,Needs Attention,1,24
EMP0020,Anil Patel,3.8,Go,Microservices,Backend,Delhi,Telecom,Allocated,4,Customer Portal,2026-09-04,Power BI Certification,B.Sc,Hybrid,Manufacturing,2.1,4.2,4.6,2-5 Years,Role Go; secondary Microservices; group Backend; location Delhi; domain Telecom; experience 3.8; certification Power BI Certification; preferred domain Manufacturing; work mode Hybrid,81.59,52.0,"Secondary skill is relevant, Experience is in required range, Skill group matches, Strong communication rating, Strong previous project rating",63.84,Normal,2,25
EMP0145,Shruti Sharma,6.1,Python,Spring Boot,Backend,Mumbai,Telecom,Unallocated,123,Available,2026-09-22,AWS Certified,B.Tech,Onsite,Manufacturing,3.1,4.9,2.5,5-8 Years,Role Python; secondary Spring Boot; group Backend; location Mumbai; domain Telecom; experience 6.1; certification AWS Certified; preferred domain Manufacturing; work mode Onsite,86.27,47.5,"Secondary skill is relevant, Experience is close to required range, Skill group matches, Currently unallocated, Strong communication rating",63.01,Needs Attention,2,26
EMP0148,Anil Sharma,10.6,Go,Microservices,Backend,Delhi,Retail,Unallocated,121,Available,2026-10-09,AWS Certified,B.E.,Remote,Banking,9.8,4.0,4.4,8+ Years,Role Go; secondary Microservices; group Backend; location Delhi; domain Retail; experience 10.6; certification AWS Certified; preferred domain Banking; work mode Remote,82.24,50.0,"Secondary skill is relevant, Experience is close to required range, Skill group matches, Currently unallocated, Strong communication rating, Strong previous project rating",62.9,Needs Attention,1,27
EMP0082,Ananya Reddy,6.8,C#,Microservices,Backend,Pune,Banking,Allocated,20,Cloud Transformation,2026-08-22,,M.Tech,Hybrid,Healthcare,5.8,3.1,4.0,5-8 Years,Role C#; secondary Microservices; group Backend; location Pune; domain Banking; experience 6.8; certification nan; preferred domain Healthcare; work mode Hybrid,84.93,47.5,"Secondary skill is relevant, Experience is close to required range, Skill group matches, Domain matches, Strong previous project rating",62.47,Normal,2,28
EMP0169,Siddharth Verma,3.4,Node.js,Microservices,Backend,Kolkata,Technology,Allocated,2,Claims Platform,2026-08-27,ISTQB,B.Sc,Onsite,Healthcare,1.5,2.8,3.0,2-5 Years,Role Node.js; secondary Microservices; group Backend; location Kolkata; domain Technology; experience 3.4; certification ISTQB; preferred domain Healthcare; work mode Onsite,84.24,47.0,"Secondary skill is relevant, Experience is in required range, Skill group matches",61.9,Normal,2,29
EMP0199,Isha Iyer,5.9,Power BI,Spring Boot,Data,Mumbai,Healthcare,Unallocated,59,Available,2026-08-01,ISTQB,B.Sc,Hybrid,Technology,2.5,4.3,4.8,5-8 Years,Role Power BI; secondary Spring Boot; group Data; location Mumbai; domain Healthcare; experience 5.9; certification ISTQB; preferred domain Technology; work mode Hybrid,84.19,47.0,"Secondary skill is relevant, Experience is in required range, Currently unallocated, Strong communication rating, Strong previous project rating",61.88,Monitor,2,30
EMP0045,Shruti Patel,3.7,Go,Postman,Backend,Bangalore,Telecom,On Notice,20,Available,2026-09-06,,MCA,Remote,Retail,1.7,2.6,4.9,2-5 Years,Role Go; secondary Postman; group Backend; location Bangalore; domain Telecom; experience 3.7; certification nan; preferred domain Retail; work mode Remote,82.34,47.5,"Experience is in required range, Skill group matches, Location matches, Strong previous project rating",61.44,Normal,2,31
EMP0313,Arjun Iyer,4.4,Node.js,Docker,Backend,Chennai,Technology,Unallocated,93,Available,2026-09-08,Azure Certified,B.Sc,Remote,Telecom,4.0,4.3,4.3,2-5 Years,Role Node.js; secondary Docker; group Backend; location Chennai; domain Technology; experience 4.4; certification Azure Certified; preferred domain Telecom; work mode Remote,78.58,50.0,"Experience is in required range, Skill group matches, Currently unallocated, Strong communication rating, Strong previous project rating",61.43,Needs Attention,1,32
EMP0216,Sneha Iyer,2.4,Selenium,Spring Boot,Testing,Pune,Banking,Allocated,6,Cloud Transformation,2026-10-30,Java Certification,M.Tech,Remote,Technology,1.5,3.5,4.8,2-5 Years,Role Selenium; secondary Spring Boot; group Testing; location Pune; domain Banking; experience 2.4; certification Java Certification; preferred domain Technology; work mode Remote,86.74,44.5,"Secondary skill is relevant, Experience is in required range, Domain matches, Strong previous project rating",61.4,Normal,2,33
EMP0105,Rahul Patel,3.6,Vue,SQL,Frontend,Kolkata,Banking,Allocated,15,API Modernization,2026-08-23,,B.Tech,Onsite,Technology,3.4,4.2,4.3,2-5 Years,Role Vue; secondary SQL; group Frontend; location Kolkata; domain Banking; experience 3.6; certification nan; preferred domain Technology; work mode Onsite,81.47,47.0,"Secondary skill is relevant, Experience is in required range, Domain matches, Strong communication rating, Strong previous project rating",60.79,Normal,2,34
EMP0184,Arjun Gupta,5.5,Node.js,REST APIs,Backend,Hyderabad,Retail,Unallocated,127,Available,2026-08-14,Azure Certified,B.E.,Onsite,Telecom,1.9,4.6,2.5,5-8 Years,Role Node.js; secondary REST APIs; group Backend; location Hyderabad; domain Retail; experience 5.5; certification Azure Certified; preferred domain Telecom; work mode Onsite,80.41,47.5,"Experience is in required range, Skill group matches, Currently unallocated, Strong communication rating",60.66,Needs Attention,1,35
EMP0058,Siddharth Patel,6.0,Python,Python,Backend,Pune,Banking,Allocated,3,Customer Portal,2026-09-22,GCP Certified,B.Tech,Remote,Technology,5.6,3.3,4.2,5-8 Years,Role Python; secondary Python; group Backend; location Pune; domain Banking; experience 6.0; certification GCP Certified; preferred domain Technology; work mode Remote,80.01,47.5,"Experience is in required range, Skill group matches, Domain matches, Strong previous project rating",60.5,Normal,2,36
EMP0037,Arjun Iyer,2.2,Go,React,Backend,Delhi,Retail,Unallocated,29,Available,2026-09-17,GCP Certified,B.Sc,Onsite,Manufacturing,1.7,4.4,2.9,2-5 Years,Role Go; secondary React; group Backend; location Delhi; domain Retail; experience 2.2; certification GCP Certified; preferred domain Manufacturing; work mode Onsite,79.84,47.5,"Experience is in required range, Skill group matches, Currently unallocated, Strong communication rating",60.44,Normal,4,37
EMP0301,Rahul Nair,6.2,Go,Spring Boot,Backend,Kolkata,Manufacturing,Unallocated,76,Available,2026-08-28,Azure Certified,B.E.,Onsite,Healthcare,3.4,2.9,3.2,5-8 Years,Role Go; secondary Spring Boot; group Backend; location Kolkata; domain Manufacturing; experience 6.2; certification Azure Certified; preferred domain Healthcare; work mode Onsite,83.49,45.0,"Secondary skill is relevant, Experience is close to required range, Skill group matches, Currently unallocated",60.4,Needs Attention,2,38
EMP0023,Pooja Chopra,2.8,C#,Python,Backend,Kolkata,Healthcare,Unallocated,26,Available,2026-10-19,GCP Certified,B.E.,Hybrid,Technology,2.3,4.7,2.6,2-5 Years,Role C#; secondary Python; group Backend; location Kolkata; domain Healthcare; experience 2.8; certification GCP Certified; preferred domain Technology; work mode Hybrid,79.58,47.5,"Experience is in required range, Skill group matches, Currently unallocated, Strong communication rating",60.33,Normal,4,39
EMP0186,Meera Iyer,4.6,Go,Spark,Backend,Mumbai,Banking,Allocated,1,CRM Upgrade,2026-08-09,,M.Tech,Remote,Retail,1.8,3.6,3.4,2-5 Years,Role Go; secondary Spark; group Backend; location Mumbai; domain Banking; experience 4.6; certification nan; preferred domain Retail; work mode Remote,83.14,45.0,"Experience is in required range, Skill group matches, Domain matches",60.26,Normal,2,40
EMP0014,Kiran Joshi,3.2,SQL,SQL,Data,Chennai,Healthcare,Unallocated,114,Available,2026-09-01,Azure Certified,MCA,Onsite,Banking,1.2,5.0,4.6,2-5 Years,Role SQL; secondary SQL; group Data; location Chennai; domain Healthcare; experience 3.2; certification Azure Certified; preferred domain Banking; work mode Onsite,79.67,47.0,"Secondary skill is relevant, Experience is in required range, Currently unallocated, Strong communication rating, Strong previous project rating",60.07,Needs Attention,1,41
EMP0206,Anil Kulkarni,2.8,C#,Kubernetes,Backend,Chennai,Insurance,Unallocated,138,Available,2026-08-13,AWS Certified,MCA,Onsite,Telecom,2.4,2.9,3.4,2-5 Years,Role C#; secondary Kubernetes; group Backend; location Chennai; domain Insurance; experience 2.8; certification AWS Certified; preferred domain Telecom; work mode Onsite,82.51,45.0,"Experience is in required range, Skill group matches, Currently unallocated",60.0,Needs Attention,1,42
EMP0347,Ravi Nair,10.8,C#,React,Backend,Bangalore,Banking,Allocated,19,Data Lake Migration,2026-08-03,Power BI Certification,B.E.,Remote,Insurance,5.0,3.2,3.3,8+ Years,Role C#; secondary React; group Backend; location Bangalore; domain Banking; experience 10.8; certification Power BI Certification; preferred domain Insurance; work mode Remote,83.29,43.0,"Experience is close to required range, Skill group matches, Location matches, Domain matches",59.12,Normal,2,43
EMP0094,Ravi Nair,4.9,AWS,Docker,Cloud,Bangalore,Retail,Unallocated,98,Available,2026-08-13,ISTQB,B.E.,Hybrid,Banking,2.6,4.6,4.2,2-5 Years,Role AWS; secondary Docker; group Cloud; location Bangalore; domain Retail; experience 4.9; certification ISTQB; preferred domain Banking; work mode Hybrid,80.14,45.0,"Experience is in required range, Location matches, Currently unallocated, Strong communication rating, Strong previous project rating",59.06,Needs Attention,1,44
EMP0111,Nisha Mehta,3.2,Data Engineering,Microservices,Data,Delhi,Banking,Allocated,12,Customer Portal,2026-09-26,Scrum Master,MCA,Remote,Insurance,1.8,2.9,4.7,2-5 Years,Role Data Engineering; secondary Microservices; group Data; location Delhi; domain Banking; experience 3.2; certification Scrum Master; preferred domain Insurance; work mode Remote,80.34,44.5,"Secondary skill is relevant, Experience is in required range, Domain matches, Strong previous project rating",58.84,Normal,3,45
EMP0003,Neha Patel,3.4,Python,TypeScript,Data,Bangalore,Telecom,Unallocated,117,Available,2026-09-07,ISTQB,B.Sc,Hybrid,Manufacturing,1.3,4.2,4.4,2-5 Years,Role Python; secondary TypeScript; group Data; location Bangalore; domain Telecom; experience 3.4; certification ISTQB; preferred domain Manufacturing; work mode Hybrid,79.51,45.0,"Experience is in required range, Location matches, Currently unallocated, Strong communication rating, Strong previous project rating",58.8,Needs Attention,1,46
EMP0207,Shruti Iyer,3.7,AWS,Microservices,Cloud,Bangalore,Insurance,Allocated,19,Customer Portal,2026-10-21,Power BI Certification,B.Tech,Remote,Technology,1.6,4.5,3.7,2-5 Years,Role AWS; secondary Microservices; group Cloud; location Bangalore; domain Insurance; experience 3.7; certification Power BI Certification; preferred domain Technology; work mode Remote,79.92,44.5,"Secondary skill is relevant, Experience is in required range, Location matches, Strong communication rating",58.67,Normal,4,47
EMP0268,Sneha Khan,6.8,Python,Azure,Backend,Hyderabad,Banking,Unallocated,131,Available,2026-08-22,Power BI Certification,B.E.,Onsite,Healthcare,4.8,3.9,2.5,5-8 Years,Role Python; secondary Azure; group Backend; location Hyderabad; domain Banking; experience 6.8; certification Power BI Certification; preferred domain Healthcare; work mode Onsite,79.83,43.0,"Experience is close to required range, Skill group matches, Domain matches, Currently unallocated",57.73,Needs Attention,1,48
EMP0083,Divya Nair,4.9,Selenium,Spark,Testing,Hyderabad,Banking,Unallocated,86,Available,2026-10-05,Azure Certified,B.Sc,Onsite,Insurance,4.4,3.4,4.3,2-5 Years,Role Selenium; secondary Spark; group Testing; location Hyderabad; domain Banking; experience 4.9; certification Azure Certified; preferred domain Insurance; work mode Onsite,80.38,42.5,"Experience is in required range, Domain matches, Currently unallocated, Strong previous project rating",57.65,Needs Attention,1,49
EMP0193,Arjun Mishra,2.7,Angular,Kubernetes,Frontend,Kolkata,Banking,Unallocated,21,Available,2026-08-03,Azure Certified,B.E.,Onsite,Healthcare,2.3,2.7,4.6,2-5 Years,Role Angular; secondary Kubernetes; group Frontend; location Kolkata; domain Banking; experience 2.7; certification Azure Certified; preferred domain Healthcare; work mode Onsite,80.32,42.5,"Experience is in required range, Domain matches, Currently unallocated, Strong previous project rating",57.63,Normal,3,50
EMP0115,Pooja Pillai,4.5,Data Engineering,Kubernetes,Data,Bangalore,Healthcare,Unallocated,49,Available,2026-10-04,,B.Sc,Remote,Technology,4.2,4.2,2.8,2-5 Years,Role Data Engineering; secondary Kubernetes; group Data; location Bangalore; domain Healthcare; experience 4.5; certification nan; preferred domain Technology; work mode Remote,80.12,42.5,"Experience is in required range, Location matches, Currently unallocated, Strong communication rating",57.55,Monitor,4,51
EMP0167,Shruti Gupta,8.0,DevOps,Microservices,Cloud,Mumbai,Banking,Unallocated,113,Available,2026-08-29,Power BI Certification,B.Tech,Remote,Insurance,5.4,2.9,3.6,5-8 Years,Role DevOps; secondary Microservices; group Cloud; location Mumbai; domain Banking; experience 8.0; certification Power BI Certification; preferred domain Insurance; work mode Remote,83.08,40.0,"Secondary skill is relevant, Experience is close to required range, Domain matches, Currently unallocated",57.23,Needs Attention,1,52
EMP0348,Aarav Mishra,3.5,AWS,Python,Cloud,Mumbai,Banking,Unallocated,29,Available,2026-08-27,ISTQB,B.Sc,Remote,Retail,1.5,4.3,3.2,2-5 Years,Role AWS; secondary Python; group Cloud; location Mumbai; domain Banking; experience 3.5; certification ISTQB; preferred domain Retail; work mode Remote,78.8,42.5,"Experience is in required range, Domain matches, Currently unallocated, Strong communication rating",57.02,Normal,4,53
EMP0256,Aarav Mehta,8.9,C#,SQL,Backend,Mumbai,Insurance,Allocated,12,Customer Portal,2026-09-20,Power BI Certification,B.E.,Remote,Manufacturing,7.9,4.9,4.7,8+ Years,Role C#; secondary SQL; group Backend; location Mumbai; domain Insurance; experience 8.9; certification Power BI Certification; preferred domain Manufacturing; work mode Remote,82.51,40.0,"Secondary skill is relevant, Experience is close to required range, Skill group matches, Strong communication rating, Strong previous project rating",57.0,Normal,4,54
EMP0208,Aditya Nair,7.6,SQL,SQL,Data,Pune,Banking,Unallocated,94,Available,2026-09-03,,MCA,Remote,Insurance,6.5,3.9,2.9,5-8 Years,Role SQL; secondary SQL; group Data; location Pune; domain Banking; experience 7.6; certification nan; preferred domain Insurance; work mode Remote,82.17,40.0,"Secondary skill is relevant, Experience is close to required range, Domain matches, Currently unallocated",56.87,Needs Attention,1,55
EMP0016,Arjun Singh,2.6,Azure,Python,Cloud,Bangalore,Manufacturing,Unallocated,14,Available,2026-09-10,AWS Certified,B.Tech,Onsite,Healthcare,1.7,4.6,2.9,2-5 Years,Role Azure; secondary Python; group Cloud; location Bangalore; domain Manufacturing; experience 2.6; certification AWS Certified; preferred domain Healthcare; work mode Onsite,78.33,42.5,"Experience is in required range, Location matches, Currently unallocated, Strong communication rating",56.83,Normal,4,56
EMP0078,Arjun Kulkarni,4.4,Spark,TypeScript,Data,Bangalore,Insurance,Unallocated,36,Available,2026-10-21,AWS Certified,B.Tech,Onsite,Telecom,2.1,3.5,3.4,2-5 Years,Role Spark; secondary TypeScript; group Data; location Bangalore; domain Insurance; experience 4.4; certification AWS Certified; preferred domain Telecom; work mode Onsite,81.53,40.0,"Experience is in required range, Location matches, Currently unallocated",56.61,Monitor,4,57
EMP0338,Vikram Nair,4.5,Kubernetes,TypeScript,Cloud,Kolkata,Banking,Unallocated,76,Available,2026-09-24,Azure Certified,M.Tech,Remote,Insurance,1.9,4.6,3.3,2-5 Years,Role Kubernetes; secondary TypeScript; group Cloud; location Kolkata; domain Banking; experience 4.5; certification Azure Certified; preferred domain Insurance; work mode Remote,77.12,42.5,"Experience is in required range, Domain matches, Currently unallocated, Strong communication rating",56.35,Needs Attention,4,58
EMP0009,Neha Chopra,2.7,Automation Testing,Python,Testing,Bangalore,Telecom,Unallocated,41,Available,2026-09-11,,B.Tech,Hybrid,Retail,2.4,4.6,3.3,2-5 Years,Role Automation Testing; secondary Python; group Testing; location Bangalore; domain Telecom; experience 2.7; certification nan; preferred domain Retail; work mode Hybrid,75.73,42.5,"Experience is in required range, Location matches, Currently unallocated, Strong communication rating",55.79,Monitor,4,59
EMP0185,Sneha Pillai,4.5,Node.js,Spark,Backend,Delhi,Manufacturing,On Notice,5,Available,2026-10-23,Scrum Master,B.E.,Remote,Insurance,2.7,4.3,3.2,2-5 Years,Role Node.js; secondary Spark; group Backend; location Delhi; domain Manufacturing; experience 4.5; certification Scrum Master; preferred domain Insurance; work mode Remote,82.78,37.5,"Experience is in required range, Skill group matches, Strong communication rating",55.61,Normal,4,60
EMP0217,Shruti Mishra,4.6,Python,Python,Backend,Chennai,Retail,Allocated,5,Customer Portal,2026-09-03,Azure Certified,M.Tech,Hybrid,Healthcare,1.7,4.6,4.4,2-5 Years,Role Python; secondary Python; group Backend; location Chennai; domain Retail; experience 4.6; certification Azure Certified; preferred domain Healthcare; work mode Hybrid,78.04,40.0,"Experience is in required range, Skill group matches, Strong communication rating, Strong previous project rating",55.22,Normal,4,61
EMP0010,Shruti Verma,10.2,Python,Microservices,Backend,Kolkata,Telecom,On Notice,2,Available,2026-08-17,GCP Certified,MCA,Onsite,Insurance,5.2,4.7,3.6,8+ Years,Role Python; secondary Microservices; group Backend; location Kolkata; domain Telecom; experience 10.2; certification GCP Certified; preferred domain Insurance; work mode Onsite,81.09,37.5,"Secondary skill is relevant, Experience is close to required range, Skill group matches, Strong communication rating",54.94,Normal,4,62
EMP0252,Aditya Reddy,4.7,C#,Python,Backend,Delhi,Retail,Allocated,3,Core Banking Modernization,2026-10-06,ISTQB,B.Sc,Onsite,Healthcare,3.0,3.2,4.1,2-5 Years,Role C#; secondary Python; group Backend; location Delhi; domain Retail; experience 4.7; certification ISTQB; preferred domain Healthcare; work mode Onsite,80.88,37.5,"Experience is in required range, Skill group matches, Strong previous project rating",54.85,Normal,3,63
EMP0270,Kiran Patel,7.0,Kubernetes,Spring Boot,Cloud,Hyderabad,Telecom,Unallocated,98,Available,2026-10-04,Scrum Master,B.E.,Onsite,Banking,3.2,4.8,4.0,5-8 Years,Role Kubernetes; secondary Spring Boot; group Cloud; location Hyderabad; domain Telecom; experience 7.0; certification Scrum Master; preferred domain Banking; work mode Onsite,84.47,35.0,"Secondary skill is relevant, Experience is close to required range, Currently unallocated, Strong communication rating, Strong previous project rating",54.79,Needs Attention,1,64
EMP0176,Kiran Mehta,9.5,C#,Microservices,Backend,Hyderabad,Healthcare,On Notice,13,Available,2026-08-12,Azure Certified,B.Tech,Remote,Retail,8.3,2.8,4.4,8+ Years,Role C#; secondary Microservices; group Backend; location Hyderabad; domain Healthcare; experience 9.5; certification Azure Certified; preferred domain Retail; work mode Remote,80.14,37.5,"Secondary skill is relevant, Experience is close to required range, Skill group matches, Strong previous project rating",54.56,Normal,0,65
EMP0100,Vikram Reddy,4.4,JavaScript,Microservices,Frontend,Kolkata,Retail,Allocated,20,CRM Upgrade,2026-09-21,,MCA,Remote,Insurance,2.8,3.7,4.8,2-5 Years,Role JavaScript; secondary Microservices; group Frontend; location Kolkata; domain Retail; experience 4.4; certification nan; preferred domain Insurance; work mode Remote,84.17,34.5,"Secondary skill is relevant, Experience is in required range, Strong previous project rating",54.37,Normal,3,66
EMP0181,Kiran Reddy,1.4,DevOps,Microservices,Cloud,Chennai,Banking,Allocated,19,Claims Platform,2026-08-20,ISTQB,MCA,Onsite,Manufacturing,1.1,4.1,4.1,0-2 Years,Role DevOps; secondary Microservices; group Cloud; location Chennai; domain Banking; experience 1.4; certification ISTQB; preferred domain Manufacturing; work mode Onsite,82.94,35.0,"Secondary skill is relevant, Experience is close to required range, Domain matches, Strong communication rating, Strong previous project rating",54.18,Normal,4,67
EMP0097,Neha Pillai,11.2,Go,Spark,Backend,Mumbai,Telecom,Unallocated,134,Available,2026-08-03,Scrum Master,MCA,Hybrid,Manufacturing,6.5,3.4,4.4,8+ Years,Role Go; secondary Spark; group Backend; location Mumbai; domain Telecom; experience 11.2; certification Scrum Master; preferred domain Manufacturing; work mode Hybrid,82.1,35.5,"Experience is close to required range, Skill group matches, Currently unallocated, Strong previous project rating",54.14,Needs Attention,1,68
EMP0219,Siddharth Reddy,5.2,Spark,Docker,Data,Pune,Retail,Unallocated,89,Available,2026-10-26,Scrum Master,B.Sc,Hybrid,Banking,3.4,4.2,4.6,5-8 Years,Role Spark; secondary Docker; group Data; location Pune; domain Retail; experience 5.2; certification Scrum Master; preferred domain Banking; work mode Hybrid,82.68,35.0,"Experience is in required range, Currently unallocated, Strong communication rating, Strong previous project rating",54.07,Needs Attention,1,69
EMP0283,Shruti Mishra,9.1,Power BI,Spring Boot,Data,Kolkata,Technology,Unallocated,20,Available,2026-10-09,AWS Certified,MCA,Remote,Telecom,4.9,4.7,4.7,8+ Years,Role Power BI; secondary Spring Boot; group Data; location Kolkata; domain Technology; experience 9.1; certification AWS Certified; preferred domain Telecom; work mode Remote,82.2,35.0,"Secondary skill is relevant, Experience is close to required range, Currently unallocated, Strong communication rating, Strong previous project rating",53.88,Normal,4,70
EMP0065,Anil Khan,6.0,Python,Postman,Data,Pune,Technology,Unallocated,42,Available,2026-09-07,ISTQB,B.Tech,Remote,Banking,2.6,4.9,4.7,5-8 Years,Role Python; secondary Postman; group Data; location Pune; domain Technology; experience 6.0; certification ISTQB; preferred domain Banking; work mode Remote,82.04,35.0,"Experience is in required range, Currently unallocated, Strong communication rating, Strong previous project rating",53.82,Monitor,4,71
EMP0048,Aarav Joshi,3.1,Python,React,Backend,Delhi,Telecom,Allocated,5,API Modernization,2026-09-07,AWS Certified,B.E.,Remote,Manufacturing,1.6,4.6,2.7,2-5 Years,Role Python; secondary React; group Backend; location Delhi; domain Telecom; experience 3.1; certification AWS Certified; preferred domain Manufacturing; work mode Remote,78.24,37.5,"Experience is in required range, Skill group matches, Strong communication rating",53.8,Normal,4,72
EMP0004,Pooja Gupta,10.0,Python,REST APIs,Backend,Chennai,Insurance,Unallocated,116,Available,2026-10-25,Power BI Certification,B.Tech,Onsite,Manufacturing,4.5,4.3,2.9,8+ Years,Role Python; secondary REST APIs; group Backend; location Chennai; domain Insurance; experience 10.0; certification Power BI Certification; preferred domain Manufacturing; work mode Onsite,81.21,35.5,"Experience is close to required range, Skill group matches, Currently unallocated, Strong communication rating",53.78,Needs Attention,1,73
EMP0069,Priya Kulkarni,5.4,TypeScript,REST APIs,Frontend,Mumbai,Manufacturing,Unallocated,92,Available,2026-09-15,AWS Certified,MCA,Remote,Insurance,5.0,4.9,4.6,5-8 Years,Role TypeScript; secondary REST APIs; group Frontend; location Mumbai; domain Manufacturing; experience 5.4; certification AWS Certified; preferred domain Insurance; work mode Remote,81.68,35.0,"Experience is in required range, Currently unallocated, Strong communication rating, Strong previous project rating",53.67,Needs Attention,1,74
EMP0272,Priya Joshi,4.4,DevOps,SQL,Cloud,Chennai,Healthcare,Allocated,18,Claims Platform,2026-08-11,Power BI Certification,B.Sc,Onsite,Healthcare,2.2,2.5,4.4,2-5 Years,Role DevOps; secondary SQL; group Cloud; location Chennai; domain Healthcare; experience 4.4; certification Power BI Certification; preferred domain Healthcare; work mode Onsite,82.41,34.5,"Secondary skill is relevant, Experience is in required range, Strong previous project rating",53.66,Normal,3,75
EMP0137,Divya Joshi,3.1,API Testing,Kubernetes,Testing,Chennai,Banking,Allocated,16,Customer Portal,2026-10-20,Scrum Master,B.Sc,Remote,Banking,2.9,4.9,4.2,2-5 Years,Role API Testing; secondary Kubernetes; group Testing; location Chennai; domain Banking; experience 3.1; certification Scrum Master; preferred domain Banking; work mode Remote,81.61,35.0,"Experience is in required range, Domain matches, Strong communication rating, Strong previous project rating",53.64,Normal,4,76
EMP0282,Meera Singh,4.0,TypeScript,AWS,Frontend,Hyderabad,Healthcare,Unallocated,68,Available,2026-08-26,Java Certification,B.E.,Remote,Insurance,2.0,4.6,4.6,2-5 Years,Role TypeScript; secondary AWS; group Frontend; location Hyderabad; domain Healthcare; experience 4.0; certification Java Certification; preferred domain Insurance; work mode Remote,81.46,35.0,"Experience is in required range, Currently unallocated, Strong communication rating, Strong previous project rating",53.58,Needs Attention,1,77
EMP0171,Divya Gupta,10.0,C#,DAX,Backend,Chennai,Technology,Unallocated,33,Available,2026-09-01,Scrum Master,MCA,Hybrid,Telecom,7.3,4.1,3.4,8+ Years,Role C#; secondary DAX; group Backend; location Chennai; domain Technology; experience 10.0; certification Scrum Master; preferred domain Telecom; work mode Hybrid,80.67,35.5,"Experience is close to required range, Skill group matches, Currently unallocated, Strong communication rating",53.57,Monitor,4,78
EMP0030,Aditya Mehta,5.1,Node.js,TypeScript,Backend,Hyderabad,Insurance,Allocated,6,Core Banking Modernization,2026-08-14,Scrum Master,B.E.,Hybrid,Technology,4.7,3.8,2.6,5-8 Years,Role Node.js; secondary TypeScript; group Backend; location Hyderabad; domain Insurance; experience 5.1; certification Scrum Master; preferred domain Technology; work mode Hybrid,81.02,35.0,"Experience is in required range, Skill group matches",53.41,Normal,4,79
EMP0066,Anil Pillai,4.5,Kubernetes,Microservices,Cloud,Pune,Retail,Allocated,0,Data Lake Migration,2026-10-14,Scrum Master,M.Tech,Hybrid,Manufacturing,2.2,2.6,4.7,2-5 Years,Role Kubernetes; secondary Microservices; group Cloud; location Pune; domain Retail; experience 4.5; certification Scrum Master; preferred domain Manufacturing; work mode Hybrid,81.7,34.5,"Secondary skill is relevant, Experience is in required range, Strong previous project rating",53.38,Normal,3,80
EMP0174,Rahul Singh,5.5,TypeScript,SQL,Frontend,Delhi,Retail,On Notice,13,Available,2026-08-21,Power BI Certification,B.Tech,Onsite,Retail,2.8,3.4,4.8,5-8 Years,Role TypeScript; secondary SQL; group Frontend; location Delhi; domain Retail; experience 5.5; certification Power BI Certification; preferred domain Retail; work mode Onsite,81.68,34.5,"Secondary skill is relevant, Experience is in required range, Strong previous project rating",53.37,Normal,3,81
EMP0302,Arjun Chopra,9.2,Node.js,DAX,Backend,Pune,Manufacturing,Unallocated,10,Available,2026-10-16,GCP Certified,M.Tech,Hybrid,Insurance,4.1,2.7,4.0,8+ Years,Role Node.js; secondary DAX; group Backend; location Pune; domain Manufacturing; experience 9.2; certification GCP Certified; preferred domain Insurance; work mode Hybrid,80.01,35.5,"Experience is close to required range, Skill group matches, Currently unallocated, Strong previous project rating",53.3,Normal,0,82
EMP0180,Aarav Mishra,8.9,Cypress,Microservices,Testing,Bangalore,Retail,On Notice,2,Available,2026-08-28,AWS Certified,B.Tech,Remote,Telecom,4.6,4.3,4.4,8+ Years,Role Cypress; secondary Microservices; group Testing; location Bangalore; domain Retail; experience 8.9; certification AWS Certified; preferred domain Telecom; work mode Remote,80.7,35.0,"Secondary skill is relevant, Experience is close to required range, Location matches, Strong communication rating, Strong previous project rating",53.28,Normal,4,83
EMP0087,Ravi Pillai,1.6,Node.js,AWS,Backend,Hyderabad,Banking,Allocated,10,Claims Platform,2026-10-30,,MCA,Onsite,Telecom,1.1,3.4,4.8,0-2 Years,Role Node.js; secondary AWS; group Backend; location Hyderabad; domain Banking; experience 1.6; certification nan; preferred domain Telecom; work mode Onsite,79.88,35.5,"Experience is close to required range, Skill group matches, Domain matches, Strong previous project rating",53.25,Normal,3,84
EMP0136,Neha Iyer,8.6,Python,Spark,Backend,Kolkata,Technology,Unallocated,59,Available,2026-08-08,GCP Certified,B.Sc,Remote,Insurance,7.2,4.3,3.3,8+ Years,Role Python; secondary Spark; group Backend; location Kolkata; domain Technology; experience 8.6; certification GCP Certified; preferred domain Insurance; work mode Remote,79.81,35.5,"Experience is close to required range, Skill group matches, Currently unallocated, Strong communication rating",53.22,Monitor,4,85
EMP0228,Aditya Khan,6.1,Go,AWS,Backend,Chennai,Technology,Unallocated,9,Available,2026-10-08,AWS Certified,B.Sc,Hybrid,Manufacturing,2.5,4.6,2.6,5-8 Years,Role Go; secondary AWS; group Backend; location Chennai; domain Technology; experience 6.1; certification AWS Certified; preferred domain Manufacturing; work mode Hybrid,79.8,35.5,"Experience is close to required range, Skill group matches, Currently unallocated, Strong communication rating",53.22,Normal,4,86
EMP0295,Kiran Nair,2.2,GCP,Kubernetes,Cloud,Pune,Telecom,Unallocated,133,Available,2026-08-02,,MCA,Remote,Banking,1.8,4.5,4.0,2-5 Years,Role GCP; secondary Kubernetes; group Cloud; location Pune; domain Telecom; experience 2.2; certification nan; preferred domain Banking; work mode Remote,80.05,35.0,"Experience is in required range, Currently unallocated, Strong communication rating, Strong previous project rating",53.02,Needs Attention,1,87
EMP0251,Shruti Pillai,4.1,JavaScript,Postman,Frontend,Kolkata,Manufacturing,Unallocated,135,Available,2026-08-02,Azure Certified,M.Tech,Remote,Insurance,3.7,4.0,4.1,2-5 Years,Role JavaScript; secondary Postman; group Frontend; location Kolkata; domain Manufacturing; experience 4.1; certification Azure Certified; preferred domain Insurance; work mode Remote,80.02,35.0,"Experience is in required range, Currently unallocated, Strong communication rating, Strong previous project rating",53.01,Needs Attention,1,88
EMP0281,Rohan Pillai,9.3,Angular,Spring Boot,Frontend,Delhi,Technology,Unallocated,90,Available,2026-09-03,Java Certification,M.Tech,Hybrid,Healthcare,7.0,4.6,2.7,8+ Years,Role Angular; secondary Spring Boot; group Frontend; location Delhi; domain Technology; experience 9.3; certification Java Certification; preferred domain Healthcare; work mode Hybrid,83.69,32.5,"Secondary skill is relevant, Experience is close to required range, Currently unallocated, Strong communication rating",52.98,Needs Attention,1,89
EMP0349,Neha Mehta,1.3,Angular,Spring Boot,Frontend,Hyderabad,Banking,Allocated,10,API Modernization,2026-10-26,AWS Certified,B.Tech,Remote,Banking,0.5,3.5,4.3,0-2 Years,Role Angular; secondary Spring Boot; group Frontend; location Hyderabad; domain Banking; experience 1.3; certification AWS Certified; preferred domain Banking; work mode Remote,83.58,32.5,"Secondary skill is relevant, Experience is close to required range, Domain matches, Strong previous project rating",52.93,Normal,3,90
EMP0323,Aarav Nair,4.2,API Testing,AWS,Testing,Chennai,Retail,Unallocated,40,Available,2026-10-20,Power BI Certification,B.E.,Onsite,Retail,3.5,4.1,4.7,2-5 Years,Role API Testing; secondary AWS; group Testing; location Chennai; domain Retail; experience 4.2; certification Power BI Certification; preferred domain Retail; work mode Onsite,79.82,35.0,"Experience is in required range, Currently unallocated, Strong communication rating, Strong previous project rating",52.93,Monitor,4,91
EMP0223,Priya Mehta,4.6,GCP,Spring Boot,Cloud,Kolkata,Manufacturing,Allocated,14,Digital Payments,2026-09-30,Java Certification,B.Sc,Hybrid,Technology,3.5,3.8,3.5,2-5 Years,Role GCP; secondary Spring Boot; group Cloud; location Kolkata; domain Manufacturing; experience 4.6; certification Java Certification; preferred domain Technology; work mode Hybrid,84.29,32.0,"Secondary skill is relevant, Experience is in required range",52.92,Normal,4,92
EMP0345,Pooja Mehta,5.1,C#,Postman,Backend,Chennai,Insurance,Allocated,7,Data Lake Migration,2026-08-23,Azure Certified,M.Tech,Hybrid,Technology,2.4,2.7,3.8,5-8 Years,Role C#; secondary Postman; group Backend; location Chennai; domain Insurance; experience 5.1; certification Azure Certified; preferred domain Technology; work mode Hybrid,79.81,35.0,"Experience is in required range, Skill group matches",52.92,Normal,3,93
EMP0306,Neha Gupta,9.5,Go,Azure,Backend,Chennai,Retail,Unallocated,127,Available,2026-09-22,ISTQB,B.Tech,Hybrid,Telecom,7.1,2.6,4.8,8+ Years,Role Go; secondary Azure; group Backend; location Chennai; domain Retail; experience 9.5; certification ISTQB; preferred domain Telecom; work mode Hybrid,78.82,35.5,"Experience is close to required range, Skill group matches, Currently unallocated, Strong previous project rating",52.83,Needs Attention,1,94
EMP0128,Aditya Iyer,4.1,TypeScript,React,Frontend,Kolkata,Retail,Unallocated,66,Available,2026-09-12,Power BI Certification,B.Sc,Onsite,Telecom,1.5,4.1,4.2,2-5 Years,Role TypeScript; secondary React; group Frontend; location Kolkata; domain Retail; experience 4.1; certification Power BI Certification; preferred domain Telecom; work mode Onsite,79.55,35.0,"Experience is in required range, Currently unallocated, Strong communication rating, Strong previous project rating",52.82,Needs Attention,1,95
EMP0275,Priya Iyer,5.4,Python,Python,Backend,Pune,Technology,Allocated,5,Cloud Transformation,2026-10-10,AWS Certified,B.E.,Remote,Manufacturing,1.9,2.7,2.9,5-8 Years,Role Python; secondary Python; group Backend; location Pune; domain Technology; experience 5.4; certification AWS Certified; preferred domain Manufacturing; work mode Remote,79.55,35.0,"Experience is in required range, Skill group matches",52.82,Normal,3,96
EMP0231,Vikram Iyer,10.5,Performance Testing,Spring Boot,Testing,Bangalore,Manufacturing,Allocated,15,Digital Payments,2026-08-15,,B.E.,Hybrid,Technology,6.9,4.3,2.8,8+ Years,Role Performance Testing; secondary Spring Boot; group Testing; location Bangalore; domain Manufacturing; experience 10.5; certification nan; preferred domain Technology; work mode Hybrid,83.21,32.5,"Secondary skill is relevant, Experience is close to required range, Location matches, Strong communication rating",52.78,Normal,4,97
EMP0102,Isha Joshi,4.4,TypeScript,Kubernetes,Frontend,Delhi,Technology,Unallocated,90,Available,2026-08-08,Azure Certified,MCA,Remote,Telecom,3.7,4.2,4.9,2-5 Years,Role TypeScript; secondary Kubernetes; group Frontend; location Delhi; domain Technology; experience 4.4; certification Azure Certified; preferred domain Telecom; work mode Remote,78.97,35.0,"Experience is in required range, Currently unallocated, Strong communication rating, Strong previous project rating",52.59,Needs Attention,1,98
EMP0120,Sneha Singh,8.1,TypeScript,SQL,Frontend,Mumbai,Insurance,Unallocated,120,Available,2026-10-11,ISTQB,MCA,Onsite,Healthcare,4.4,2.9,4.8,8+ Years,Role TypeScript; secondary SQL; group Frontend; location Mumbai; domain Insurance; experience 8.1; certification ISTQB; preferred domain Healthcare; work mode Onsite,82.56,32.5,"Secondary skill is relevant, Experience is close to required range, Currently unallocated, Strong previous project rating",52.52,Needs Attention,1,99
EMP0333,Priya Patel,1.5,TypeScript,Microservices,Frontend,Delhi,Healthcare,Unallocated,41,Available,2026-10-21,ISTQB,B.Tech,Onsite,Manufacturing,0.9,4.5,3.8,0-2 Years,Role TypeScript; secondary Microservices; group Frontend; location Delhi; domain Healthcare; experience 1.5; certification ISTQB; preferred domain Manufacturing; work mode Onsite,82.55,32.5,"Secondary skill is relevant, Experience is close to required range, Currently unallocated, Strong communication rating",52.52,Monitor,4,100
EMP0232,Siddharth Sharma,5.5,Power BI,Microservices,Data,Kolkata,Insurance,On Notice,8,Available,2026-08-06,Power BI Certification,M.Tech,Onsite,Retail,3.3,2.8,4.6,5-8 Years,Role Power BI; secondary Microservices; group Data; location Kolkata; domain Insurance; experience 5.5; certification Power BI Certification; preferred domain Retail; work mode Onsite,79.21,34.5,"Secondary skill is relevant, Experience is in required range, Strong previous project rating",52.38,Normal,3,101
EMP0299,Ravi Verma,5.6,GCP,Spark,Cloud,Hyderabad,Banking,Allocated,10,Data Lake Migration,2026-09-20,Azure Certified,B.Sc,Remote,Insurance,2.6,4.6,4.5,5-8 Years,Role GCP; secondary Spark; group Cloud; location Hyderabad; domain Banking; experience 5.6; certification Azure Certified; preferred domain Insurance; work mode Remote,78.3,35.0,"Experience is in required range, Domain matches, Strong communication rating, Strong previous project rating",52.32,Normal,4,102
EMP0042,Shruti Pillai,10.9,Go,Spark,Backend,Hyderabad,Manufacturing,Unallocated,104,Available,2026-09-30,,MCA,Hybrid,Banking,5.7,3.5,3.1,8+ Years,Role Go; secondary Spark; group Backend; location Hyderabad; domain Manufacturing; experience 10.9; certification nan; preferred domain Banking; work mode Hybrid,81.25,33.0,"Experience is close to required range, Skill group matches, Currently unallocated",52.3,Needs Attention,1,103
EMP0197,Arjun Iyer,9.4,SQL,SQL,Data,Bangalore,Insurance,Allocated,11,Claims Platform,2026-09-04,AWS Certified,B.E.,Onsite,Technology,8.8,3.5,4.8,8+ Years,Role SQL; secondary SQL; group Data; location Bangalore; domain Insurance; experience 9.4; certification AWS Certified; preferred domain Technology; work mode Onsite,81.94,32.5,"Secondary skill is relevant, Experience is close to required range, Location matches, Strong previous project rating",52.28,Normal,0,104
EMP0276,Ravi Mishra,1.5,Performance Testing,Spring Boot,Testing,Delhi,Healthcare,Unallocated,94,Available,2026-09-21,Power BI Certification,B.Sc,Hybrid,Technology,1.3,4.1,3.6,0-2 Years,Role Performance Testing; secondary Spring Boot; group Testing; location Delhi; domain Healthcare; experience 1.5; certification Power BI Certification; preferred domain Technology; work mode Hybrid,81.79,32.5,"Secondary skill is relevant, Experience is close to required range, Currently unallocated, Strong communication rating",52.22,Needs Attention,1,105
EMP0346,Rohan Reddy,2.2,Kubernetes,Spark,Cloud,Chennai,Insurance,Unallocated,123,Available,2026-08-13,GCP Certified,B.E.,Onsite,Banking,1.4,4.3,3.8,2-5 Years,Role Kubernetes; secondary Spark; group Cloud; location Chennai; domain Insurance; experience 2.2; certification GCP Certified; preferred domain Banking; work mode Onsite,81.19,32.5,"Experience is in required range, Currently unallocated, Strong communication rating",51.98,Needs Attention,1,106
EMP0337,Sneha Patel,9.7,Go,TypeScript,Backend,Hyderabad,Insurance,Unallocated,22,Available,2026-10-26,Power BI Certification,B.Sc,Onsite,Manufacturing,7.5,3.9,3.9,8+ Years,Role Go; secondary TypeScript; group Backend; location Hyderabad; domain Insurance; experience 9.7; certification Power BI Certification; preferred domain Manufacturing; work mode Onsite,80.26,33.0,"Experience is close to required range, Skill group matches, Currently unallocated",51.9,Normal,0,107
EMP0160,Rohan Gupta,4.6,TypeScript,REST APIs,Frontend,Bangalore,Healthcare,Allocated,18,Digital Payments,2026-09-07,Scrum Master,B.Tech,Hybrid,Technology,4.2,2.9,3.3,2-5 Years,Role TypeScript; secondary REST APIs; group Frontend; location Bangalore; domain Healthcare; experience 4.6; certification Scrum Master; preferred domain Technology; work mode Hybrid,84.22,30.0,"Experience is in required range, Location matches",51.69,Normal,3,108
EMP0253,Neha Sharma,1.4,Python,AWS,Data,Bangalore,Insurance,Unallocated,137,Available,2026-10-25,Java Certification,MCA,Hybrid,Insurance,0.9,4.3,4.9,0-2 Years,Role Python; secondary AWS; group Data; location Bangalore; domain Insurance; experience 1.4; certification Java Certification; preferred domain Insurance; work mode Hybrid,79.68,33.0,"Experience is close to required range, Location matches, Currently unallocated, Strong communication rating, Strong previous project rating",51.67,Needs Attention,1,109
EMP0340,Rohan Singh,4.4,Automation Testing,AWS,Testing,Pune,Healthcare,Unallocated,127,Available,2026-08-24,Java Certification,M.Tech,Hybrid,Banking,1.9,3.7,4.5,2-5 Years,Role Automation Testing; secondary AWS; group Testing; location Pune; domain Healthcare; experience 4.4; certification Java Certification; preferred domain Banking; work mode Hybrid,80.35,32.5,"Experience is in required range, Currently unallocated, Strong previous project rating",51.64,Needs Attention,1,110
EMP0285,Vikram Singh,11.2,TypeScript,Spring Boot,Frontend,Bangalore,Manufacturing,Allocated,14,Claims Platform,2026-09-18,Azure Certified,M.Tech,Remote,Telecom,9.7,3.0,3.2,8+ Years,Role TypeScript; secondary Spring Boot; group Frontend; location Bangalore; domain Manufacturing; experience 11.2; certification Azure Certified; preferred domain Telecom; work mode Remote,83.86,30.0,"Secondary skill is relevant, Experience is close to required range, Location matches",51.54,Normal,0,111
EMP0085,Kiran Mehta,4.1,Automation Testing,Microservices,Testing,Pune,Healthcare,On Notice,10,Available,2026-10-20,Power BI Certification,M.Tech,Onsite,Banking,2.3,2.7,3.7,2-5 Years,Role Automation Testing; secondary Microservices; group Testing; location Pune; domain Healthcare; experience 4.1; certification Power BI Certification; preferred domain Banking; work mode Onsite,80.76,32.0,"Secondary skill is relevant, Experience is in required range",51.5,Normal,3,112
EMP0291,Anil Mishra,3.0,JavaScript,AWS,Frontend,Pune,Retail,Unallocated,74,Available,2026-09-26,ISTQB,B.Sc,Onsite,Healthcare,1.8,3.0,2.6,2-5 Years,Role JavaScript; secondary AWS; group Frontend; location Pune; domain Retail; experience 3.0; certification ISTQB; preferred domain Healthcare; work mode Onsite,83.56,30.0,"Experience is in required range, Currently unallocated",51.42,Needs Attention,3,113
EMP0124,Priya Kulkarni,1.1,Angular,Spark,Frontend,Hyderabad,Banking,Unallocated,120,Available,2026-10-10,GCP Certified,MCA,Onsite,Healthcare,0.7,3.0,4.9,0-2 Years,Role Angular; secondary Spark; group Frontend; location Hyderabad; domain Banking; experience 1.1; certification GCP Certified; preferred domain Healthcare; work mode Onsite,82.77,30.5,"Experience is close to required range, Domain matches, Currently unallocated, Strong previous project rating",51.41,Needs Attention,1,114
EMP0044,Rohan Mishra,2.9,Angular,Kubernetes,Frontend,Bangalore,Technology,Allocated,18,Claims Platform,2026-09-07,Java Certification,M.Tech,Hybrid,Retail,1.0,3.8,3.2,2-5 Years,Role Angular; secondary Kubernetes; group Frontend; location Bangalore; domain Technology; experience 2.9; certification Java Certification; preferred domain Retail; work mode Hybrid,83.51,30.0,"Experience is in required range, Location matches",51.4,Normal,4,115
EMP0114,Sneha Sharma,5.5,Kubernetes,Kubernetes,Cloud,Pune,Telecom,Unallocated,90,Available,2026-10-23,,M.Tech,Onsite,Banking,4.7,3.6,4.7,5-8 Years,Role Kubernetes; secondary Kubernetes; group Cloud; location Pune; domain Telecom; experience 5.5; certification nan; preferred domain Banking; work mode Onsite,79.69,32.5,"Experience is in required range, Currently unallocated, Strong previous project rating",51.38,Needs Attention,1,116
EMP0205,Neha Khan,10.3,Power BI,Microservices,Data,Chennai,Telecom,Unallocated,19,Available,2026-10-18,,B.Tech,Remote,Manufacturing,4.6,4.7,2.9,8+ Years,Role Power BI; secondary Microservices; group Data; location Chennai; domain Telecom; experience 10.3; certification nan; preferred domain Manufacturing; work mode Remote,79.61,32.5,"Secondary skill is relevant, Experience is close to required range, Currently unallocated, Strong communication rating",51.34,Normal,4,117
EMP0035,Arjun Kulkarni,6.4,Vue,Spring Boot,Frontend,Bangalore,Manufacturing,Allocated,18,CRM Upgrade,2026-08-18,,B.E.,Hybrid,Retail,3.7,3.0,3.3,5-8 Years,Role Vue; secondary Spring Boot; group Frontend; location Bangalore; domain Manufacturing; experience 6.4; certification nan; preferred domain Retail; work mode Hybrid,83.31,30.0,"Secondary skill is relevant, Experience is close to required range, Location matches",51.32,Normal,3,118
EMP0213,Shruti Sharma,4.7,GCP,SQL,Cloud,Chennai,Healthcare,Allocated,19,Customer Portal,2026-10-19,Scrum Master,B.Tech,Remote,Retail,3.6,2.6,3.7,2-5 Years,Role GCP; secondary SQL; group Cloud; location Chennai; domain Healthcare; experience 4.7; certification Scrum Master; preferred domain Retail; work mode Remote,80.27,32.0,"Secondary skill is relevant, Experience is in required range",51.31,Normal,3,119
EMP0112,Rohan Pillai,11.2,Spark,Microservices,Data,Chennai,Insurance,Unallocated,94,Available,2026-09-29,Azure Certified,M.Tech,Remote,Insurance,4.9,2.6,4.9,8+ Years,Role Spark; secondary Microservices; group Data; location Chennai; domain Insurance; experience 11.2; certification Azure Certified; preferred domain Insurance; work mode Remote,79.3,32.5,"Secondary skill is relevant, Experience is close to required range, Currently unallocated, Strong previous project rating",51.22,Needs Attention,1,120
EMP0033,Ananya Sharma,5.1,React,Docker,Frontend,Kolkata,Healthcare,Unallocated,119,Available,2026-09-19,AWS Certified,B.Sc,Remote,Healthcare,1.8,3.4,4.4,5-8 Years,Role React; secondary Docker; group Frontend; location Kolkata; domain Healthcare; experience 5.1; certification AWS Certified; preferred domain Healthcare; work mode Remote,79.02,32.5,"Experience is in required range, Currently unallocated, Strong previous project rating",51.11,Needs Attention,1,121
EMP0222,Nisha Patel,3.8,Python,React,Data,Hyderabad,Manufacturing,Unallocated,46,Available,2026-09-03,GCP Certified,M.Tech,Onsite,Banking,1.8,3.1,4.7,2-5 Years,Role Python; secondary React; group Data; location Hyderabad; domain Manufacturing; experience 3.8; certification GCP Certified; preferred domain Banking; work mode Onsite,78.98,32.5,"Experience is in required range, Currently unallocated, Strong previous project rating",51.09,Monitor,3,122
EMP0277,Rohan Singh,3.6,Vue,Docker,Frontend,Mumbai,Insurance,Unallocated,130,Available,2026-10-26,AWS Certified,M.Tech,Hybrid,Manufacturing,1.3,2.9,5.0,2-5 Years,Role Vue; secondary Docker; group Frontend; location Mumbai; domain Insurance; experience 3.6; certification AWS Certified; preferred domain Manufacturing; work mode Hybrid,78.88,32.5,"Experience is in required range, Currently unallocated, Strong previous project rating",51.05,Needs Attention,1,123
EMP0230,Nisha Patel,9.6,TypeScript,Spark,Frontend,Bangalore,Healthcare,Unallocated,30,Available,2026-08-26,Java Certification,M.Tech,Onsite,Insurance,5.4,3.5,2.9,8+ Years,Role TypeScript; secondary Spark; group Frontend; location Bangalore; domain Healthcare; experience 9.6; certification Java Certification; preferred domain Insurance; work mode Onsite,85.39,28.0,"Experience is close to required range, Location matches, Currently unallocated",50.96,Monitor,0,124
EMP0339,Priya Mishra,2.8,Kubernetes,DAX,Cloud,Delhi,Telecom,Unallocated,14,Available,2026-08-12,,B.Sc,Onsite,Retail,1.7,4.6,3.1,2-5 Years,Role Kubernetes; secondary DAX; group Cloud; location Delhi; domain Telecom; experience 2.8; certification nan; preferred domain Retail; work mode Onsite,78.65,32.5,"Experience is in required range, Currently unallocated, Strong communication rating",50.96,Normal,4,125
EMP0164,Isha Joshi,11.1,Kubernetes,Azure,Cloud,Bangalore,Retail,Unallocated,99,Available,2026-09-15,,B.Sc,Hybrid,Technology,8.4,4.5,4.8,8+ Years,Role Kubernetes; secondary Azure; group Cloud; location Bangalore; domain Retail; experience 11.1; certification nan; preferred domain Technology; work mode Hybrid,77.85,33.0,"Experience is close to required range, Location matches, Currently unallocated, Strong communication rating, Strong previous project rating",50.94,Needs Attention,1,126
EMP0165,Nisha Patel,7.9,Selenium,SQL,Testing,Chennai,Manufacturing,Unallocated,61,Available,2026-08-19,Scrum Master,MCA,Onsite,Insurance,5.5,3.6,3.7,5-8 Years,Role Selenium; secondary SQL; group Testing; location Chennai; domain Manufacturing; experience 7.9; certification Scrum Master; preferred domain Insurance; work mode Onsite,82.0,30.0,"Secondary skill is relevant, Experience is close to required range, Currently unallocated",50.8,Needs Attention,1,127
EMP0027,Isha Nair,5.2,JavaScript,AWS,Frontend,Kolkata,Banking,On Notice,10,Available,2026-09-08,Power BI Certification,MCA,Remote,Healthcare,4.0,3.9,3.0,5-8 Years,Role JavaScript; secondary AWS; group Frontend; location Kolkata; domain Banking; experience 5.2; certification Power BI Certification; preferred domain Healthcare; work mode Remote,81.89,30.0,"Experience is in required range, Domain matches",50.76,Normal,4,128
EMP0215,Shruti Chopra,2.6,Selenium,Python,Testing,Kolkata,Retail,Unallocated,104,Available,2026-08-08,GCP Certified,B.Tech,Remote,Manufacturing,1.7,2.8,4.6,2-5 Years,Role Selenium; secondary Python; group Testing; location Kolkata; domain Retail; experience 2.6; certification GCP Certified; preferred domain Manufacturing; work mode Remote,78.12,32.5,"Experience is in required range, Currently unallocated, Strong previous project rating",50.75,Needs Attention,1,129
EMP0238,Arjun Mehta,9.5,DevOps,Microservices,Cloud,Kolkata,Healthcare,Unallocated,113,Available,2026-09-27,ISTQB,B.Tech,Remote,Manufacturing,7.0,2.8,3.5,8+ Years,Role DevOps; secondary Microservices; group Cloud; location Kolkata; domain Healthcare; experience 9.5; certification ISTQB; preferred domain Manufacturing; work mode Remote,81.77,30.0,"Secondary skill is relevant, Experience is close to required range, Currently unallocated",50.71,Needs Attention,1,130
EMP0198,Arjun Sharma,3.1,Angular,DAX,Frontend,Delhi,Retail,Unallocated,91,Available,2026-10-12,GCP Certified,B.Sc,Hybrid,Technology,2.9,4.7,3.7,2-5 Years,Role Angular; secondary DAX; group Frontend; location Delhi; domain Retail; experience 3.1; certification GCP Certified; preferred domain Technology; work mode Hybrid,77.98,32.5,"Experience is in required range, Currently unallocated, Strong communication rating",50.69,Needs Attention,1,131
EMP0006,Kiran Reddy,7.7,Power BI,SQL,Data,Hyderabad,Manufacturing,Unallocated,117,Available,2026-10-11,Power BI Certification,B.Sc,Remote,Telecom,4.5,3.0,5.0,5-8 Years,Role Power BI; secondary SQL; group Data; location Hyderabad; domain Manufacturing; experience 7.7; certification Power BI Certification; preferred domain Telecom; work mode Remote,77.91,32.5,"Secondary skill is relevant, Experience is close to required range, Currently unallocated, Strong previous project rating",50.66,Needs Attention,1,132
EMP0297,Ananya Iyer,3.6,API Testing,Postman,Testing,Bangalore,Insurance,Allocated,8,Customer Portal,2026-09-07,Azure Certified,MCA,Onsite,Healthcare,1.8,4.1,3.0,2-5 Years,Role API Testing; secondary Postman; group Testing; location Bangalore; domain Insurance; experience 3.6; certification Azure Certified; preferred domain Healthcare; work mode Onsite,77.91,32.5,"Experience is in required range, Location matches, Strong communication rating",50.66,Normal,4,133
EMP0077,Priya Chopra,3.0,TypeScript,Kubernetes,Frontend,Mumbai,Insurance,Unallocated,94,Available,2026-09-24,AWS Certified,B.Sc,Onsite,Technology,2.3,2.6,3.2,2-5 Years,Role TypeScript; secondary Kubernetes; group Frontend; location Mumbai; domain Insurance; experience 3.0; certification AWS Certified; preferred domain Technology; work mode Onsite,81.51,30.0,"Experience is in required range, Currently unallocated",50.6,Needs Attention,1,134
EMP0106,Meera Chopra,3.7,Automation Testing,REST APIs,Testing,Mumbai,Insurance,Unallocated,40,Available,2026-08-16,Java Certification,B.E.,Hybrid,Technology,2.4,3.4,3.9,2-5 Years,Role Automation Testing; secondary REST APIs; group Testing; location Mumbai; domain Insurance; experience 3.7; certification Java Certification; preferred domain Technology; work mode Hybrid,81.49,30.0,"Experience is in required range, Currently unallocated",50.6,Monitor,3,135
EMP0017,Divya Joshi,9.9,Selenium,Microservices,Testing,Mumbai,Insurance,Unallocated,17,Available,2026-10-14,AWS Certified,B.Sc,Hybrid,Healthcare,7.4,3.9,3.3,8+ Years,Role Selenium; secondary Microservices; group Testing; location Mumbai; domain Insurance; experience 9.9; certification AWS Certified; preferred domain Healthcare; work mode Hybrid,81.47,30.0,"Secondary skill is relevant, Experience is close to required range, Currently unallocated",50.59,Normal,0,136
EMP0305,Anil Pillai,1.3,Cypress,REST APIs,Testing,Pune,Banking,Unallocated,75,Available,2026-10-21,Scrum Master,B.E.,Hybrid,Telecom,1.1,4.4,3.1,0-2 Years,Role Cypress; secondary REST APIs; group Testing; location Pune; domain Banking; experience 1.3; certification Scrum Master; preferred domain Telecom; work mode Hybrid,80.68,30.5,"Experience is close to required range, Domain matches, Currently unallocated, Strong communication rating",50.57,Needs Attention,4,137
EMP0108,Ananya Pillai,7.5,Vue,Postman,Frontend,Bangalore,Technology,Unallocated,33,Available,2026-08-16,GCP Certified,M.Tech,Hybrid,Insurance,4.1,4.3,3.4,5-8 Years,Role Vue; secondary Postman; group Frontend; location Bangalore; domain Technology; experience 7.5; certification GCP Certified; preferred domain Insurance; work mode Hybrid,80.59,30.5,"Experience is close to required range, Location matches, Currently unallocated, Strong communication rating",50.54,Monitor,4,138
EMP0007,Kiran Kulkarni,1.5,Performance Testing,SQL,Testing,Kolkata,Manufacturing,Unallocated,28,Available,2026-09-24,Azure Certified,MCA,Remote,Telecom,1.4,3.8,4.9,0-2 Years,Role Performance Testing; secondary SQL; group Testing; location Kolkata; domain Manufacturing; experience 1.5; certification Azure Certified; preferred domain Telecom; work mode Remote,77.38,32.5,"Secondary skill is relevant, Experience is close to required range, Currently unallocated, Strong previous project rating",50.45,Normal,3,139
EMP0178,Ravi Iyer,4.0,Data Engineering,Python,Data,Mumbai,Telecom,Unallocated,70,Available,2026-10-17,Power BI Certification,B.Tech,Onsite,Retail,1.9,4.0,3.0,2-5 Years,Role Data Engineering; secondary Python; group Data; location Mumbai; domain Telecom; experience 4.0; certification Power BI Certification; preferred domain Retail; work mode Onsite,77.16,32.5,"Experience is in required range, Currently unallocated, Strong communication rating",50.36,Needs Attention,4,140
EMP0191,Ravi Gupta,3.9,TypeScript,Spark,Frontend,Delhi,Retail,Unallocated,30,Available,2026-10-30,AWS Certified,B.E.,Remote,Insurance,1.6,3.1,3.4,2-5 Years,Role TypeScript; secondary Spark; group Frontend; location Delhi; domain Retail; experience 3.9; certification AWS Certified; preferred domain Insurance; work mode Remote,80.83,30.0,"Experience is in required range, Currently unallocated",50.33,Monitor,3,141
EMP0057,Divya Verma,11.3,Power BI,Spark,Data,Pune,Banking,Unallocated,98,Available,2026-09-10,,MCA,Remote,Manufacturing,9.3,4.1,2.9,8+ Years,Role Power BI; secondary Spark; group Data; location Pune; domain Banking; experience 11.3; certification nan; preferred domain Manufacturing; work mode Remote,79.96,30.5,"Experience is close to required range, Domain matches, Currently unallocated, Strong communication rating",50.28,Needs Attention,1,142
EMP0095,Aarav Reddy,5.4,TypeScript,Docker,Frontend,Kolkata,Insurance,Unallocated,20,Available,2026-10-10,Scrum Master,B.Tech,Remote,Insurance,2.9,2.6,3.5,5-8 Years,Role TypeScript; secondary Docker; group Frontend; location Kolkata; domain Insurance; experience 5.4; certification Scrum Master; preferred domain Insurance; work mode Remote,80.65,30.0,"Experience is in required range, Currently unallocated",50.26,Normal,3,143
EMP0255,Neha Sharma,5.3,DevOps,AWS,Cloud,Delhi,Telecom,Unallocated,30,Available,2026-08-09,AWS Certified,B.Tech,Remote,Telecom,2.2,4.5,3.3,5-8 Years,Role DevOps; secondary AWS; group Cloud; location Delhi; domain Telecom; experience 5.3; certification AWS Certified; preferred domain Telecom; work mode Remote,76.91,32.5,"Experience is in required range, Currently unallocated, Strong communication rating",50.26,Monitor,4,144
EMP0053,Siddharth Joshi,9.6,Kubernetes,Spring Boot,Cloud,Hyderabad,Telecom,Unallocated,138,Available,2026-09-16,,MCA,Hybrid,Insurance,4.9,2.8,3.2,8+ Years,Role Kubernetes; secondary Spring Boot; group Cloud; location Hyderabad; domain Telecom; experience 9.6; certification nan; preferred domain Insurance; work mode Hybrid,80.48,30.0,"Secondary skill is relevant, Experience is close to required range, Currently unallocated",50.19,Needs Attention,1,145
EMP0081,Meera Gupta,4.1,Spark,TypeScript,Data,Mumbai,Manufacturing,Unallocated,110,Available,2026-08-30,ISTQB,B.Tech,Remote,Technology,3.3,3.6,3.6,2-5 Years,Role Spark; secondary TypeScript; group Data; location Mumbai; domain Manufacturing; experience 4.1; certification ISTQB; preferred domain Technology; work mode Remote,80.43,30.0,"Experience is in required range, Currently unallocated",50.17,Needs Attention,1,146
EMP0071,Neha Reddy,3.6,Selenium,Spark,Testing,Hyderabad,Banking,On Notice,4,Available,2026-10-24,AWS Certified,B.E.,Hybrid,Retail,3.0,3.1,3.3,2-5 Years,Role Selenium; secondary Spark; group Testing; location Hyderabad; domain Banking; experience 3.6; certification AWS Certified; preferred domain Retail; work mode Hybrid,80.39,30.0,"Experience is in required range, Domain matches",50.16,Normal,3,147
EMP0046,Arjun Kulkarni,9.5,AWS,AWS,Cloud,Bangalore,Insurance,Unallocated,18,Available,2026-08-20,Power BI Certification,B.Tech,Hybrid,Banking,6.5,3.5,4.0,8+ Years,Role AWS; secondary AWS; group Cloud; location Bangalore; domain Insurance; experience 9.5; certification Power BI Certification; preferred domain Banking; work mode Hybrid,79.56,30.5,"Experience is close to required range, Location matches, Currently unallocated, Strong previous project rating",50.12,Normal,0,148
EMP0139,Rahul Nair,6.3,Kubernetes,AWS,Cloud,Bangalore,Healthcare,Unallocated,65,Available,2026-09-17,Azure Certified,B.Sc,Onsite,Technology,2.9,3.2,4.2,5-8 Years,Role Kubernetes; secondary AWS; group Cloud; location Bangalore; domain Healthcare; experience 6.3; certification Azure Certified; preferred domain Technology; work mode Onsite,79.51,30.5,"Experience is close to required range, Location matches, Currently unallocated, Strong previous project rating",50.1,Needs Attention,1,149
EMP0263,Rohan Sharma,6.0,TypeScript,AWS,Frontend,Hyderabad,Technology,Unallocated,93,Available,2026-10-18,GCP Certified,B.Sc,Hybrid,Healthcare,2.7,3.9,3.9,5-8 Years,Role TypeScript; secondary AWS; group Frontend; location Hyderabad; domain Technology; experience 6.0; certification GCP Certified; preferred domain Healthcare; work mode Hybrid,80.13,30.0,"Experience is in required range, Currently unallocated",50.05,Needs Attention,1,150
EMP0090,Ravi Reddy,2.6,Data Engineering,Postman,Data,Kolkata,Banking,On Notice,4,Available,2026-10-04,AWS Certified,M.Tech,Onsite,Insurance,1.8,2.9,3.0,2-5 Years,Role Data Engineering; secondary Postman; group Data; location Kolkata; domain Banking; experience 2.6; certification AWS Certified; preferred domain Insurance; work mode Onsite,79.97,30.0,"Experience is in required range, Domain matches",49.99,Normal,3,151
EMP0314,Priya Mishra,5.9,Azure,AWS,Cloud,Chennai,Banking,Allocated,18,CRM Upgrade,2026-08-11,AWS Certified,M.Tech,Remote,Technology,3.6,4.8,2.8,5-8 Years,Role Azure; secondary AWS; group Cloud; location Chennai; domain Banking; experience 5.9; certification AWS Certified; preferred domain Technology; work mode Remote,76.22,32.5,"Experience is in required range, Domain matches, Strong communication rating",49.99,Normal,4,152
EMP0292,Rahul Gupta,10.8,JavaScript,TypeScript,Frontend,Bangalore,Banking,Allocated,2,Digital Payments,2026-09-30,AWS Certified,B.Tech,Remote,Telecom,8.7,2.7,3.2,8+ Years,Role JavaScript; secondary TypeScript; group Frontend; location Bangalore; domain Banking; experience 10.8; certification AWS Certified; preferred domain Telecom; work mode Remote,82.89,28.0,"Experience is close to required range, Location matches, Domain matches",49.96,Normal,0,153
EMP0039,Ravi Pillai,4.3,Selenium,AWS,Testing,Chennai,Banking,Allocated,11,CRM Upgrade,2026-10-02,Azure Certified,MCA,Remote,Manufacturing,3.8,3.6,2.9,2-5 Years,Role Selenium; secondary AWS; group Testing; location Chennai; domain Banking; experience 4.3; certification Azure Certified; preferred domain Manufacturing; work mode Remote,79.81,30.0,"Experience is in required range, Domain matches",49.92,Normal,4,154
EMP0267,Ananya Chopra,8.4,Python,REST APIs,Data,Delhi,Banking,Unallocated,58,Available,2026-10-01,,MCA,Hybrid,Telecom,3.8,4.6,2.6,8+ Years,Role Python; secondary REST APIs; group Data; location Delhi; domain Banking; experience 8.4; certification nan; preferred domain Telecom; work mode Hybrid,78.72,30.5,"Experience is close to required range, Domain matches, Currently unallocated, Strong communication rating",49.79,Monitor,4,155
EMP0271,Isha Pillai,8.8,Automation Testing,Postman,Testing,Bangalore,Technology,Unallocated,33,Available,2026-10-26,Scrum Master,B.Sc,Remote,Retail,7.7,4.2,3.6,8+ Years,Role Automation Testing; secondary Postman; group Testing; location Bangalore; domain Technology; experience 8.8; certification Scrum Master; preferred domain Retail; work mode Remote,78.71,30.5,"Experience is close to required range, Location matches, Currently unallocated, Strong communication rating",49.78,Monitor,4,156
EMP0141,Nisha Joshi,4.9,Cypress,React,Testing,Mumbai,Manufacturing,Unallocated,82,Available,2026-09-15,Power BI Certification,M.Tech,Remote,Telecom,4.3,3.7,4.5,2-5 Years,Role Cypress; secondary React; group Testing; location Mumbai; domain Manufacturing; experience 4.9; certification Power BI Certification; preferred domain Telecom; work mode Remote,75.54,32.5,"Experience is in required range, Currently unallocated, Strong previous project rating",49.72,Needs Attention,1,157
EMP0032,Ravi Singh,5.8,Python,Kubernetes,Data,Hyderabad,Retail,Unallocated,112,Available,2026-09-12,ISTQB,B.Sc,Hybrid,Insurance,2.6,3.5,2.9,5-8 Years,Role Python; secondary Kubernetes; group Data; location Hyderabad; domain Retail; experience 5.8; certification ISTQB; preferred domain Insurance; work mode Hybrid,79.16,30.0,"Experience is in required range, Currently unallocated",49.66,Needs Attention,1,158
EMP0052,Meera Nair,5.0,GCP,TypeScript,Cloud,Delhi,Healthcare,Unallocated,26,Available,2026-09-06,Scrum Master,B.Sc,Hybrid,Healthcare,2.0,3.1,2.8,2-5 Years,Role GCP; secondary TypeScript; group Cloud; location Delhi; domain Healthcare; experience 5.0; certification Scrum Master; preferred domain Healthcare; work mode Hybrid,79.11,30.0,"Experience is in required range, Currently unallocated",49.64,Normal,3,159
EMP0266,Shruti Chopra,5.0,Vue,React,Frontend,Mumbai,Banking,Allocated,11,Customer Portal,2026-09-26,GCP Certified,B.E.,Hybrid,Telecom,3.7,3.0,3.0,2-5 Years,Role Vue; secondary React; group Frontend; location Mumbai; domain Banking; experience 5.0; certification GCP Certified; preferred domain Telecom; work mode Hybrid,79.04,30.0,"Experience is in required range, Domain matches",49.62,Normal,3,160
EMP0278,Rohan Sharma,7.9,GCP,DAX,Cloud,Delhi,Banking,Unallocated,51,Available,2026-08-12,Power BI Certification,B.Sc,Onsite,Retail,4.4,4.5,3.1,5-8 Years,Role GCP; secondary DAX; group Cloud; location Delhi; domain Banking; experience 7.9; certification Power BI Certification; preferred domain Retail; work mode Onsite,78.13,30.5,"Experience is close to required range, Domain matches, Currently unallocated, Strong communication rating",49.55,Monitor,4,161
EMP0153,Neha Khan,3.7,AWS,Docker,Cloud,Mumbai,Telecom,Unallocated,21,Available,2026-08-22,Scrum Master,B.E.,Hybrid,Retail,2.0,3.7,2.7,2-5 Years,Role AWS; secondary Docker; group Cloud; location Mumbai; domain Telecom; experience 3.7; certification Scrum Master; preferred domain Retail; work mode Hybrid,78.69,30.0,"Experience is in required range, Currently unallocated",49.48,Normal,4,162
EMP0068,Ananya Mishra,4.8,Cypress,DAX,Testing,Delhi,Insurance,Unallocated,138,Available,2026-09-23,Azure Certified,MCA,Onsite,Healthcare,4.4,3.2,4.2,2-5 Years,Role Cypress; secondary DAX; group Testing; location Delhi; domain Insurance; experience 4.8; certification Azure Certified; preferred domain Healthcare; work mode Onsite,74.56,32.5,"Experience is in required range, Currently unallocated, Strong previous project rating",49.32,Needs Attention,1,163
EMP0249,Kiran Gupta,0.9,Node.js,Azure,Backend,Kolkata,Retail,Unallocated,67,Available,2026-08-01,ISTQB,MCA,Onsite,Insurance,0.3,4.8,4.0,0-2 Years,Role Node.js; secondary Azure; group Backend; location Kolkata; domain Retail; experience 0.9; certification ISTQB; preferred domain Insurance; work mode Onsite,77.93,30.0,"Skill group matches, Currently unallocated, Strong communication rating, Strong previous project rating",49.17,Needs Attention,4,164
EMP0133,Ananya Nair,0.8,Node.js,TypeScript,Backend,Pune,Technology,Unallocated,34,Available,2026-09-18,Scrum Master,B.Tech,Onsite,Manufacturing,0.7,2.8,4.7,0-2 Years,Role Node.js; secondary TypeScript; group Backend; location Pune; domain Technology; experience 0.8; certification Scrum Master; preferred domain Manufacturing; work mode Onsite,81.52,27.5,"Skill group matches, Currently unallocated, Strong previous project rating",49.11,Monitor,3,165
EMP0322,Shruti Verma,11.2,Kubernetes,Azure,Cloud,Mumbai,Banking,Unallocated,80,Available,2026-08-24,Java Certification,B.Sc,Remote,Telecom,10.1,2.6,3.1,8+ Years,Role Kubernetes; secondary Azure; group Cloud; location Mumbai; domain Banking; experience 11.2; certification Java Certification; preferred domain Telecom; work mode Remote,80.52,28.0,"Experience is close to required range, Domain matches, Currently unallocated",49.01,Needs Attention,0,166
EMP0190,Rahul Gupta,4.0,GCP,Spark,Cloud,Kolkata,Telecom,Unallocated,19,Available,2026-08-14,GCP Certified,B.Tech,Hybrid,Healthcare,2.5,3.5,3.8,2-5 Years,Role GCP; secondary Spark; group Cloud; location Kolkata; domain Telecom; experience 4.0; certification GCP Certified; preferred domain Healthcare; work mode Hybrid,77.29,30.0,"Experience is in required range, Currently unallocated",48.92,Normal,3,167
EMP0131,Vikram Verma,2.7,Automation Testing,Python,Testing,Pune,Banking,Allocated,5,Claims Platform,2026-10-14,,B.Tech,Onsite,Healthcare,2.3,3.6,3.8,2-5 Years,Role Automation Testing; secondary Python; group Testing; location Pune; domain Banking; experience 2.7; certification nan; preferred domain Healthcare; work mode Onsite,76.85,30.0,"Experience is in required range, Domain matches",48.74,Normal,3,168
EMP0288,Aditya Patel,9.1,API Testing,DAX,Testing,Hyderabad,Banking,Unallocated,12,Available,2026-08-28,Power BI Certification,MCA,Onsite,Banking,5.6,3.3,3.4,8+ Years,Role API Testing; secondary DAX; group Testing; location Hyderabad; domain Banking; experience 9.1; certification Power BI Certification; preferred domain Banking; work mode Onsite,79.78,28.0,"Experience is close to required range, Domain matches, Currently unallocated",48.71,Normal,0,169
EMP0259,Priya Reddy,11.0,Performance Testing,Azure,Testing,Bangalore,Insurance,Unallocated,60,Available,2026-09-10,,MCA,Remote,Telecom,8.2,4.2,2.9,8+ Years,Role Performance Testing; secondary Azure; group Testing; location Bangalore; domain Insurance; experience 11.0; certification nan; preferred domain Telecom; work mode Remote,75.8,30.5,"Experience is close to required range, Location matches, Currently unallocated, Strong communication rating",48.62,Needs Attention,0,170
EMP0059,Vikram Kulkarni,9.9,C#,DAX,Backend,Kolkata,Healthcare,Allocated,12,Core Banking Modernization,2026-10-19,Azure Certified,B.E.,Onsite,Manufacturing,8.9,5.0,4.4,8+ Years,Role C#; secondary DAX; group Backend; location Kolkata; domain Healthcare; experience 9.9; certification Azure Certified; preferred domain Manufacturing; work mode Onsite,79.14,28.0,"Experience is close to required range, Skill group matches, Strong communication rating, Strong previous project rating",48.46,Normal,4,171
EMP0304,Neha Singh,5.8,SQL,React,Data,Hyderabad,Telecom,Allocated,9,Customer Portal,2026-10-09,ISTQB,M.Tech,Onsite,Healthcare,3.0,4.6,4.8,5-8 Years,Role SQL; secondary React; group Data; location Hyderabad; domain Telecom; experience 5.8; certification ISTQB; preferred domain Healthcare; work mode Onsite,83.48,25.0,"Experience is in required range, Strong communication rating, Strong previous project rating",48.39,Normal,4,172
EMP0025,Anil Verma,0.8,Angular,Microservices,Frontend,Kolkata,Retail,Unallocated,84,Available,2026-09-14,Scrum Master,B.Sc,Remote,Banking,0.3,4.9,2.9,0-2 Years,Role Angular; secondary Microservices; group Frontend; location Kolkata; domain Retail; experience 0.8; certification Scrum Master; preferred domain Banking; work mode Remote,84.18,24.5,"Secondary skill is relevant, Currently unallocated, Strong communication rating",48.37,Needs Attention,4,173
EMP0135,Sneha Chopra,2.6,JavaScript,AWS,Frontend,Pune,Telecom,Allocated,3,Core Banking Modernization,2026-08-31,Java Certification,B.Tech,Hybrid,Telecom,1.0,4.0,4.3,2-5 Years,Role JavaScript; secondary AWS; group Frontend; location Pune; domain Telecom; experience 2.6; certification Java Certification; preferred domain Telecom; work mode Hybrid,83.28,25.0,"Experience is in required range, Strong communication rating, Strong previous project rating",48.31,Normal,3,174
EMP0262,Rahul Khan,9.4,Selenium,Spring Boot,Testing,Mumbai,Retail,Allocated,18,API Modernization,2026-10-23,GCP Certified,M.Tech,Remote,Insurance,8.3,4.0,4.6,8+ Years,Role Selenium; secondary Spring Boot; group Testing; location Mumbai; domain Retail; experience 9.4; certification GCP Certified; preferred domain Insurance; work mode Remote,82.87,25.0,"Secondary skill is relevant, Experience is close to required range, Strong communication rating, Strong previous project rating",48.15,Normal,0,175
EMP0273,Rahul Singh,6.2,Go,Spark,Backend,Chennai,Healthcare,Allocated,12,Cloud Transformation,2026-08-14,GCP Certified,MCA,Onsite,Telecom,3.1,4.6,3.6,5-8 Years,Role Go; secondary Spark; group Backend; location Chennai; domain Healthcare; experience 6.2; certification GCP Certified; preferred domain Telecom; work mode Onsite,82.12,25.5,"Experience is close to required range, Skill group matches, Strong communication rating",48.15,Normal,4,176
EMP0331,Rohan Chopra,11.3,Performance Testing,AWS,Testing,Bangalore,Insurance,Unallocated,99,Available,2026-09-07,,MCA,Remote,Technology,9.6,3.7,3.6,8+ Years,Role Performance Testing; secondary AWS; group Testing; location Bangalore; domain Insurance; experience 11.3; certification nan; preferred domain Technology; work mode Remote,77.96,28.0,"Experience is close to required range, Location matches, Currently unallocated",47.98,Needs Attention,1,177
EMP0029,Vikram Patel,3.6,React,Postman,Frontend,Kolkata,Insurance,Allocated,19,Data Lake Migration,2026-08-29,Java Certification,B.E.,Hybrid,Banking,1.8,3.7,4.6,2-5 Years,Role React; secondary Postman; group Frontend; location Kolkata; domain Insurance; experience 3.6; certification Java Certification; preferred domain Banking; work mode Hybrid,84.86,22.5,"Experience is in required range, Strong previous project rating",47.44,Normal,3,178
EMP0036,Ravi Mehta,8.8,GCP,Spring Boot,Cloud,Delhi,Telecom,Allocated,8,Core Banking Modernization,2026-09-14,Java Certification,B.Tech,Onsite,Banking,7.1,4.9,3.0,8+ Years,Role GCP; secondary Spring Boot; group Cloud; location Delhi; domain Telecom; experience 8.8; certification Java Certification; preferred domain Banking; work mode Onsite,84.33,22.5,"Secondary skill is relevant, Experience is close to required range, Strong communication rating",47.23,Normal,4,179
EMP0038,Aditya Joshi,6.9,SQL,DAX,Data,Hyderabad,Banking,On Notice,18,Available,2026-10-15,Java Certification,B.Tech,Onsite,Technology,3.7,4.2,4.5,5-8 Years,Role SQL; secondary DAX; group Data; location Hyderabad; domain Banking; experience 6.9; certification Java Certification; preferred domain Technology; work mode Onsite,83.41,23.0,"Experience is close to required range, Domain matches, Strong communication rating, Strong previous project rating",47.16,Normal,4,180
EMP0070,Sneha Chopra,7.6,Python,REST APIs,Backend,Hyderabad,Insurance,Allocated,0,Claims Platform,2026-08-09,Java Certification,B.Sc,Hybrid,Technology,6.6,3.3,2.9,5-8 Years,Role Python; secondary REST APIs; group Backend; location Hyderabad; domain Insurance; experience 7.6; certification Java Certification; preferred domain Technology; work mode Hybrid,83.31,23.0,"Experience is close to required range, Skill group matches",47.12,Normal,0,181
EMP0088,Vikram Patel,9.0,DevOps,REST APIs,Cloud,Bangalore,Telecom,Allocated,1,CRM Upgrade,2026-09-06,Power BI Certification,B.Sc,Hybrid,Retail,3.6,4.2,4.8,8+ Years,Role DevOps; secondary REST APIs; group Cloud; location Bangalore; domain Telecom; experience 9.0; certification Power BI Certification; preferred domain Retail; work mode Hybrid,83.19,23.0,"Experience is close to required range, Location matches, Strong communication rating, Strong previous project rating",47.08,Normal,0,182
EMP0072,Priya Singh,1.1,JavaScript,Microservices,Frontend,Pune,Healthcare,Allocated,16,Cloud Transformation,2026-10-05,Azure Certified,MCA,Onsite,Insurance,1.0,2.6,4.5,0-2 Years,Role JavaScript; secondary Microservices; group Frontend; location Pune; domain Healthcare; experience 1.1; certification Azure Certified; preferred domain Insurance; work mode Onsite,83.88,22.5,"Secondary skill is relevant, Experience is close to required range, Strong previous project rating",47.05,Normal,3,183
EMP0247,Sneha Khan,3.1,Performance Testing,TypeScript,Testing,Pune,Healthcare,Allocated,9,Cloud Transformation,2026-10-10,AWS Certified,B.Tech,Onsite,Retail,1.5,4.7,4.7,2-5 Years,Role Performance Testing; secondary TypeScript; group Testing; location Pune; domain Healthcare; experience 3.1; certification AWS Certified; preferred domain Retail; work mode Onsite,80.12,25.0,"Experience is in required range, Strong communication rating, Strong previous project rating",47.05,Normal,4,184
EMP0140,Shruti Iyer,10.1,Selenium,Postman,Testing,Chennai,Retail,Unallocated,55,Available,2026-08-02,Java Certification,B.E.,Onsite,Banking,8.1,4.4,4.8,8+ Years,Role Selenium; secondary Postman; group Testing; location Chennai; domain Retail; experience 10.1; certification Java Certification; preferred domain Banking; work mode Onsite,82.98,23.0,"Experience is close to required range, Currently unallocated, Strong communication rating, Strong previous project rating",46.99,Monitor,0,185
EMP0298,Priya Reddy,1.0,Python,Kubernetes,Backend,Hyderabad,Manufacturing,Allocated,5,API Modernization,2026-08-02,Java Certification,B.Tech,Hybrid,Banking,0.6,3.4,3.3,0-2 Years,Role Python; secondary Kubernetes; group Backend; location Hyderabad; domain Manufacturing; experience 1.0; certification Java Certification; preferred domain Banking; work mode Hybrid,82.52,23.0,"Experience is close to required range, Skill group matches",46.81,Normal,3,186
EMP0226,Aarav Kulkarni,8.8,C#,DAX,Backend,Hyderabad,Insurance,Allocated,0,Cloud Transformation,2026-09-09,GCP Certified,B.Tech,Remote,Telecom,6.2,2.9,4.6,8+ Years,Role C#; secondary DAX; group Backend; location Hyderabad; domain Insurance; experience 8.8; certification GCP Certified; preferred domain Telecom; work mode Remote,78.18,25.5,"Experience is close to required range, Skill group matches, Strong previous project rating",46.57,Normal,0,187
EMP0242,Rohan Gupta,9.0,Selenium,React,Testing,Bangalore,Telecom,Allocated,18,Core Banking Modernization,2026-10-10,Scrum Master,B.Sc,Remote,Telecom,7.4,4.8,4.2,8+ Years,Role Selenium; secondary React; group Testing; location Bangalore; domain Telecom; experience 9.0; certification Scrum Master; preferred domain Telecom; work mode Remote,81.74,23.0,"Experience is close to required range, Location matches, Strong communication rating, Strong previous project rating",46.5,Normal,4,188
EMP0326,Meera Nair,4.0,Cypress,Postman,Testing,Hyderabad,Manufacturing,Allocated,3,Core Banking Modernization,2026-09-10,Scrum Master,MCA,Remote,Healthcare,3.2,4.6,4.1,2-5 Years,Role Cypress; secondary Postman; group Testing; location Hyderabad; domain Manufacturing; experience 4.0; certification Scrum Master; preferred domain Healthcare; work mode Remote,78.51,25.0,"Experience is in required range, Strong communication rating, Strong previous project rating",46.4,Normal,4,189
EMP0218,Ananya Pillai,7.6,Angular,Spring Boot,Frontend,Kolkata,Technology,Allocated,8,Core Banking Modernization,2026-09-30,GCP Certified,B.E.,Onsite,Technology,2.7,3.1,4.5,5-8 Years,Role Angular; secondary Spring Boot; group Frontend; location Kolkata; domain Technology; experience 7.6; certification GCP Certified; preferred domain Technology; work mode Onsite,82.12,22.5,"Secondary skill is relevant, Experience is close to required range, Strong previous project rating",46.35,Normal,0,190
EMP0328,Pooja Gupta,6.0,Azure,Postman,Cloud,Pune,Healthcare,Allocated,20,API Modernization,2026-08-18,GCP Certified,B.E.,Hybrid,Banking,3.6,4.9,4.8,5-8 Years,Role Azure; secondary Postman; group Cloud; location Pune; domain Healthcare; experience 6.0; certification GCP Certified; preferred domain Banking; work mode Hybrid,78.15,25.0,"Experience is in required range, Strong communication rating, Strong previous project rating",46.26,Normal,4,191
EMP0274,Ananya Pillai,3.5,Python,Spark,Data,Mumbai,Healthcare,Allocated,6,Customer Portal,2026-09-17,,M.Tech,Remote,Telecom,1.9,4.3,4.3,2-5 Years,Role Python; secondary Spark; group Data; location Mumbai; domain Healthcare; experience 3.5; certification nan; preferred domain Telecom; work mode Remote,77.9,25.0,"Experience is in required range, Strong communication rating, Strong previous project rating",46.16,Normal,4,192
EMP0317,Shruti Pillai,5.3,Kubernetes,Docker,Cloud,Pune,Healthcare,Allocated,4,Claims Platform,2026-10-11,Java Certification,B.E.,Hybrid,Retail,4.3,3.3,4.8,5-8 Years,Role Kubernetes; secondary Docker; group Cloud; location Pune; domain Healthcare; experience 5.3; certification Java Certification; preferred domain Retail; work mode Hybrid,81.25,22.5,"Experience is in required range, Strong previous project rating",46.0,Normal,3,193
EMP0159,Aditya Chopra,2.3,JavaScript,REST APIs,Frontend,Kolkata,Healthcare,Allocated,18,Digital Payments,2026-08-02,Azure Certified,M.Tech,Hybrid,Telecom,1.8,3.9,4.2,2-5 Years,Role JavaScript; secondary REST APIs; group Frontend; location Kolkata; domain Healthcare; experience 2.3; certification Azure Certified; preferred domain Telecom; work mode Hybrid,81.18,22.5,"Experience is in required range, Strong previous project rating",45.97,Normal,3,194
EMP0079,Isha Patel,8.4,Spark,Spring Boot,Data,Hyderabad,Insurance,Allocated,18,Core Banking Modernization,2026-10-26,Azure Certified,M.Tech,Remote,Manufacturing,5.1,4.0,3.5,8+ Years,Role Spark; secondary Spring Boot; group Data; location Hyderabad; domain Insurance; experience 8.4; certification Azure Certified; preferred domain Manufacturing; work mode Remote,81.07,22.5,"Secondary skill is relevant, Experience is close to required range, Strong communication rating",45.93,Normal,0,195
EMP0109,Kiran Kulkarni,9.8,API Testing,Kubernetes,Testing,Mumbai,Telecom,Unallocated,70,Available,2026-08-12,GCP Certified,B.Sc,Onsite,Insurance,4.4,4.1,4.8,8+ Years,Role API Testing; secondary Kubernetes; group Testing; location Mumbai; domain Telecom; experience 9.8; certification GCP Certified; preferred domain Insurance; work mode Onsite,80.33,23.0,"Experience is close to required range, Currently unallocated, Strong communication rating, Strong previous project rating",45.93,Needs Attention,1,196
EMP0138,Aditya Gupta,8.2,API Testing,Spark,Testing,Mumbai,Healthcare,Unallocated,76,Available,2026-08-31,Java Certification,M.Tech,Onsite,Insurance,6.8,4.8,3.9,8+ Years,Role API Testing; secondary Spark; group Testing; location Mumbai; domain Healthcare; experience 8.2; certification Java Certification; preferred domain Insurance; work mode Onsite,83.9,20.5,"Experience is close to required range, Currently unallocated, Strong communication rating",45.86,Needs Attention,4,197
EMP0227,Vikram Joshi,5.5,Spark,AWS,Data,Hyderabad,Retail,Allocated,16,API Modernization,2026-09-15,Java Certification,B.E.,Remote,Banking,2.7,4.3,2.8,5-8 Years,Role Spark; secondary AWS; group Data; location Hyderabad; domain Retail; experience 5.5; certification Java Certification; preferred domain Banking; work mode Remote,80.78,22.5,"Experience is in required range, Strong communication rating",45.81,Normal,4,198
EMP0269,Shruti Gupta,2.9,SQL,Docker,Data,Kolkata,Healthcare,Allocated,15,Customer Portal,2026-10-14,GCP Certified,B.Sc,Onsite,Telecom,1.5,4.3,3.4,2-5 Years,Role SQL; secondary Docker; group Data; location Kolkata; domain Healthcare; experience 2.9; certification GCP Certified; preferred domain Telecom; work mode Onsite,80.74,22.5,"Experience is in required range, Strong communication rating",45.8,Normal,4,199
EMP0307,Sneha Mishra,2.7,React,AWS,Frontend,Kolkata,Healthcare,Allocated,3,API Modernization,2026-10-07,Power BI Certification,B.Tech,Remote,Insurance,1.9,2.7,4.8,2-5 Years,Role React; secondary AWS; group Frontend; location Kolkata; domain Healthcare; experience 2.7; certification Power BI Certification; preferred domain Insurance; work mode Remote,80.34,22.5,"Experience is in required range, Strong previous project rating",45.64,Normal,3,200
EMP0343,Rohan Reddy,5.6,API Testing,Azure,Testing,Delhi,Manufacturing,Allocated,1,Cloud Transformation,2026-10-11,AWS Certified,B.E.,Onsite,Manufacturing,3.1,4.8,4.5,5-8 Years,Role API Testing; secondary Azure; group Testing; location Delhi; domain Manufacturing; experience 5.6; certification AWS Certified; preferred domain Manufacturing; work mode Onsite,76.44,25.0,"Experience is in required range, Strong communication rating, Strong previous project rating",45.58,Normal,4,201
EMP0061,Isha Kulkarni,2.4,Angular,Docker,Frontend,Pune,Telecom,Allocated,12,Customer Portal,2026-08-30,,M.Tech,Remote,Retail,1.8,4.7,3.7,2-5 Years,Role Angular; secondary Docker; group Frontend; location Pune; domain Telecom; experience 2.4; certification nan; preferred domain Retail; work mode Remote,79.86,22.5,"Experience is in required range, Strong communication rating",45.44,Normal,4,202
EMP0183,Meera Nair,6.2,Python,SQL,Data,Delhi,Technology,Allocated,8,Data Lake Migration,2026-08-16,AWS Certified,M.Tech,Remote,Retail,4.1,3.2,4.9,5-8 Years,Role Python; secondary SQL; group Data; location Delhi; domain Technology; experience 6.2; certification AWS Certified; preferred domain Retail; work mode Remote,79.66,22.5,"Secondary skill is relevant, Experience is close to required range, Strong previous project rating",45.36,Normal,3,203
EMP0240,Priya Patel,5.7,Automation Testing,Spark,Testing,Delhi,Insurance,Allocated,14,Core Banking Modernization,2026-09-13,ISTQB,M.Tech,Onsite,Telecom,3.3,2.8,4.7,5-8 Years,Role Automation Testing; secondary Spark; group Testing; location Delhi; domain Insurance; experience 5.7; certification ISTQB; preferred domain Telecom; work mode Onsite,79.41,22.5,"Experience is in required range, Strong previous project rating",45.26,Normal,3,204
EMP0098,Priya Chopra,4.3,SQL,Azure,Data,Delhi,Technology,Allocated,20,Cloud Transformation,2026-08-18,AWS Certified,M.Tech,Onsite,Retail,3.6,2.9,4.4,2-5 Years,Role SQL; secondary Azure; group Data; location Delhi; domain Technology; experience 4.3; certification AWS Certified; preferred domain Retail; work mode Onsite,79.31,22.5,"Experience is in required range, Strong previous project rating",45.22,Normal,3,205
EMP0156,Arjun Chopra,3.7,GCP,Docker,Cloud,Chennai,Healthcare,Allocated,15,Data Lake Migration,2026-09-20,ISTQB,B.Tech,Onsite,Insurance,2.6,3.9,4.2,2-5 Years,Role GCP; secondary Docker; group Cloud; location Chennai; domain Healthcare; experience 3.7; certification ISTQB; preferred domain Insurance; work mode Onsite,79.18,22.5,"Experience is in required range, Strong previous project rating",45.17,Normal,3,206
EMP0154,Pooja Reddy,5.1,GCP,Docker,Cloud,Delhi,Manufacturing,Allocated,2,API Modernization,2026-10-16,Java Certification,MCA,Hybrid,Insurance,2.7,4.9,3.3,5-8 Years,Role GCP; secondary Docker; group Cloud; location Delhi; domain Manufacturing; experience 5.1; certification Java Certification; preferred domain Insurance; work mode Hybrid,79.08,22.5,"Experience is in required range, Strong communication rating",45.13,Normal,4,207
EMP0118,Ananya Mishra,9.5,Data Engineering,Kubernetes,Data,Kolkata,Manufacturing,Unallocated,28,Available,2026-10-28,AWS Certified,B.Sc,Remote,Retail,8.8,4.5,4.4,8+ Years,Role Data Engineering; secondary Kubernetes; group Data; location Kolkata; domain Manufacturing; experience 9.5; certification AWS Certified; preferred domain Retail; work mode Remote,78.31,23.0,"Experience is close to required range, Currently unallocated, Strong communication rating, Strong previous project rating",45.12,Normal,0,208
EMP0144,Sneha Pillai,10.6,Azure,Spring Boot,Cloud,Kolkata,Technology,Allocated,20,Digital Payments,2026-10-25,AWS Certified,B.Tech,Remote,Insurance,9.1,3.1,4.3,8+ Years,Role Azure; secondary Spring Boot; group Cloud; location Kolkata; domain Technology; experience 10.6; certification AWS Certified; preferred domain Insurance; work mode Remote,78.91,22.5,"Secondary skill is relevant, Experience is close to required range, Strong previous project rating",45.06,Normal,0,209
EMP0310,Meera Chopra,8.2,Data Engineering,SQL,Data,Mumbai,Healthcare,Allocated,3,Cloud Transformation,2026-10-24,GCP Certified,B.Sc,Onsite,Healthcare,7.5,4.8,3.9,8+ Years,Role Data Engineering; secondary SQL; group Data; location Mumbai; domain Healthcare; experience 8.2; certification GCP Certified; preferred domain Healthcare; work mode Onsite,78.9,22.5,"Secondary skill is relevant, Experience is close to required range, Strong communication rating",45.06,Normal,4,210
EMP0055,Shruti Iyer,8.3,Python,React,Data,Mumbai,Insurance,Unallocated,123,Available,2026-09-19,Java Certification,B.Sc,Onsite,Manufacturing,7.3,4.7,3.2,8+ Years,Role Python; secondary React; group Data; location Mumbai; domain Insurance; experience 8.3; certification Java Certification; preferred domain Manufacturing; work mode Onsite,81.78,20.5,"Experience is close to required range, Currently unallocated, Strong communication rating",45.01,Needs Attention,1,211
EMP0021,Ravi Kulkarni,3.3,Performance Testing,TypeScript,Testing,Kolkata,Retail,Allocated,1,Core Banking Modernization,2026-08-01,ISTQB,B.E.,Onsite,Retail,1.5,3.6,4.3,2-5 Years,Role Performance Testing; secondary TypeScript; group Testing; location Kolkata; domain Retail; experience 3.3; certification ISTQB; preferred domain Retail; work mode Onsite,78.58,22.5,"Experience is in required range, Strong previous project rating",44.93,Normal,3,212
EMP0026,Ananya Mishra,1.7,SQL,Python,Data,Bangalore,Healthcare,Allocated,10,Claims Platform,2026-09-02,AWS Certified,MCA,Hybrid,Telecom,1.5,3.8,4.3,0-2 Years,Role SQL; secondary Python; group Data; location Bangalore; domain Healthcare; experience 1.7; certification AWS Certified; preferred domain Telecom; work mode Hybrid,81.53,20.5,"Experience is close to required range, Location matches, Strong previous project rating",44.91,Normal,3,213
EMP0234,Kiran Singh,7.6,DevOps,DAX,Cloud,Bangalore,Technology,Allocated,3,Customer Portal,2026-08-14,Scrum Master,B.Sc,Remote,Technology,5.3,3.6,4.0,5-8 Years,Role DevOps; secondary DAX; group Cloud; location Bangalore; domain Technology; experience 7.6; certification Scrum Master; preferred domain Technology; work mode Remote,81.41,20.5,"Experience is close to required range, Location matches, Strong previous project rating",44.86,Normal,0,214
EMP0041,Shruti Verma,7.2,Kubernetes,REST APIs,Cloud,Hyderabad,Healthcare,Unallocated,7,Available,2026-08-28,ISTQB,M.Tech,Remote,Retail,6.3,4.3,3.2,5-8 Years,Role Kubernetes; secondary REST APIs; group Cloud; location Hyderabad; domain Healthcare; experience 7.2; certification ISTQB; preferred domain Retail; work mode Remote,81.11,20.5,"Experience is close to required range, Currently unallocated, Strong communication rating",44.74,Normal,4,215
EMP0031,Neha Mishra,5.5,React,REST APIs,Frontend,Kolkata,Healthcare,Allocated,16,CRM Upgrade,2026-10-10,,B.E.,Onsite,Technology,3.5,3.1,3.1,5-8 Years,Role React; secondary REST APIs; group Frontend; location Kolkata; domain Healthcare; experience 5.5; certification nan; preferred domain Technology; work mode Onsite,81.83,20.0,Experience is in required range,44.73,Normal,3,216
EMP0091,Divya Mehta,8.4,Cypress,Azure,Testing,Chennai,Technology,Unallocated,93,Available,2026-09-27,Java Certification,B.Sc,Hybrid,Retail,7.8,4.5,4.8,8+ Years,Role Cypress; secondary Azure; group Testing; location Chennai; domain Technology; experience 8.4; certification Java Certification; preferred domain Retail; work mode Hybrid,77.32,23.0,"Experience is close to required range, Currently unallocated, Strong communication rating, Strong previous project rating",44.73,Needs Attention,1,217
EMP0179,Shruti Joshi,7.6,GCP,Microservices,Cloud,Hyderabad,Healthcare,Allocated,7,Digital Payments,2026-10-07,AWS Certified,M.Tech,Remote,Insurance,4.4,4.6,3.6,5-8 Years,Role GCP; secondary Microservices; group Cloud; location Hyderabad; domain Healthcare; experience 7.6; certification AWS Certified; preferred domain Insurance; work mode Remote,77.99,22.5,"Secondary skill is relevant, Experience is close to required range, Strong communication rating",44.7,Normal,4,218
EMP0121,Anil Mishra,4.4,Python,React,Data,Hyderabad,Insurance,Allocated,20,Data Lake Migration,2026-10-11,Power BI Certification,B.E.,Remote,Technology,2.3,3.0,4.3,2-5 Years,Role Python; secondary React; group Data; location Hyderabad; domain Insurance; experience 4.4; certification Power BI Certification; preferred domain Technology; work mode Remote,77.95,22.5,"Experience is in required range, Strong previous project rating",44.68,Normal,3,219
EMP0201,Divya Kulkarni,7.6,DevOps,Azure,Cloud,Kolkata,Insurance,Unallocated,91,Available,2026-09-18,Power BI Certification,M.Tech,Hybrid,Insurance,6.0,4.9,4.9,5-8 Years,Role DevOps; secondary Azure; group Cloud; location Kolkata; domain Insurance; experience 7.6; certification Power BI Certification; preferred domain Insurance; work mode Hybrid,76.87,23.0,"Experience is close to required range, Currently unallocated, Strong communication rating, Strong previous project rating",44.55,Needs Attention,1,220
EMP0084,Isha Gupta,1.6,Angular,Spark,Frontend,Kolkata,Manufacturing,Unallocated,44,Available,2026-08-10,GCP Certified,MCA,Remote,Technology,1.1,3.9,4.2,0-2 Years,Role Angular; secondary Spark; group Frontend; location Kolkata; domain Manufacturing; experience 1.6; certification GCP Certified; preferred domain Technology; work mode Remote,80.56,20.5,"Experience is close to required range, Currently unallocated, Strong previous project rating",44.52,Monitor,3,221
EMP0149,Aditya Kulkarni,3.8,AWS,Python,Cloud,Chennai,Healthcare,Allocated,18,Customer Portal,2026-10-28,Azure Certified,B.Sc,Onsite,Retail,1.5,3.6,4.6,2-5 Years,Role AWS; secondary Python; group Cloud; location Chennai; domain Healthcare; experience 3.8; certification Azure Certified; preferred domain Retail; work mode Onsite,77.55,22.5,"Experience is in required range, Strong previous project rating",44.52,Normal,3,222
EMP0220,Priya Mehta,7.6,Python,Microservices,Data,Chennai,Retail,Allocated,9,Cloud Transformation,2026-09-05,Power BI Certification,M.Tech,Hybrid,Insurance,5.0,3.1,2.6,5-8 Years,Role Python; secondary Microservices; group Data; location Chennai; domain Retail; experience 7.6; certification Power BI Certification; preferred domain Insurance; work mode Hybrid,81.28,20.0,"Secondary skill is relevant, Experience is close to required range",44.51,Normal,0,223
EMP0289,Ananya Patel,10.8,Automation Testing,REST APIs,Testing,Kolkata,Manufacturing,Unallocated,5,Available,2026-10-17,Java Certification,B.Sc,Onsite,Manufacturing,8.0,2.9,4.5,8+ Years,Role Automation Testing; secondary REST APIs; group Testing; location Kolkata; domain Manufacturing; experience 10.8; certification Java Certification; preferred domain Manufacturing; work mode Onsite,80.51,20.5,"Experience is close to required range, Currently unallocated, Strong previous project rating",44.5,Normal,0,224
EMP0122,Nisha Patel,4.3,Data Engineering,Azure,Data,Delhi,Telecom,On Notice,8,Available,2026-09-18,Scrum Master,M.Tech,Hybrid,Retail,1.6,4.9,2.7,2-5 Years,Role Data Engineering; secondary Azure; group Data; location Delhi; domain Telecom; experience 4.3; certification Scrum Master; preferred domain Retail; work mode Hybrid,77.51,22.5,"Experience is in required range, Strong communication rating",44.5,Normal,4,225
EMP0075,Ananya Nair,4.9,Data Engineering,AWS,Data,Chennai,Retail,Allocated,10,Customer Portal,2026-10-27,,B.Tech,Hybrid,Technology,2.0,3.6,4.4,2-5 Years,Role Data Engineering; secondary AWS; group Data; location Chennai; domain Retail; experience 4.9; certification nan; preferred domain Technology; work mode Hybrid,77.46,22.5,"Experience is in required range, Strong previous project rating",44.48,Normal,3,226
EMP0158,Aditya Pillai,5.4,AWS,Python,Cloud,Kolkata,Manufacturing,Allocated,18,CRM Upgrade,2026-10-09,AWS Certified,M.Tech,Onsite,Technology,3.6,4.1,2.7,5-8 Years,Role AWS; secondary Python; group Cloud; location Kolkata; domain Manufacturing; experience 5.4; certification AWS Certified; preferred domain Technology; work mode Onsite,77.17,22.5,"Experience is in required range, Strong communication rating",44.37,Normal,4,227
EMP0315,Aditya Sharma,10.7,Vue,Kubernetes,Frontend,Mumbai,Banking,Allocated,20,Cloud Transformation,2026-10-09,GCP Certified,M.Tech,Onsite,Manufacturing,5.2,2.6,4.3,8+ Years,Role Vue; secondary Kubernetes; group Frontend; location Mumbai; domain Banking; experience 10.7; certification GCP Certified; preferred domain Manufacturing; work mode Onsite,80.05,20.5,"Experience is close to required range, Domain matches, Strong previous project rating",44.32,Normal,0,228
EMP0143,Neha Kulkarni,4.7,Power BI,AWS,Data,Chennai,Retail,Allocated,15,API Modernization,2026-10-22,,MCA,Hybrid,Manufacturing,3.9,2.9,4.3,2-5 Years,Role Power BI; secondary AWS; group Data; location Chennai; domain Retail; experience 4.7; certification nan; preferred domain Manufacturing; work mode Hybrid,76.81,22.5,"Experience is in required range, Strong previous project rating",44.22,Normal,3,229
EMP0192,Aarav Joshi,7.9,Selenium,Postman,Testing,Pune,Telecom,Unallocated,44,Available,2026-10-10,Java Certification,B.Tech,Remote,Banking,6.6,2.8,2.5,5-8 Years,Role Selenium; secondary Postman; group Testing; location Pune; domain Telecom; experience 7.9; certification Java Certification; preferred domain Banking; work mode Remote,83.51,18.0,"Experience is close to required range, Currently unallocated",44.2,Monitor,0,230
EMP0236,Rohan Pillai,3.0,Automation Testing,DAX,Testing,Delhi,Telecom,On Notice,10,Available,2026-08-13,Scrum Master,B.E.,Remote,Retail,2.2,4.1,2.9,2-5 Years,Role Automation Testing; secondary DAX; group Testing; location Delhi; domain Telecom; experience 3.0; certification Scrum Master; preferred domain Retail; work mode Remote,76.71,22.5,"Experience is in required range, Strong communication rating",44.18,Normal,4,231
EMP0073,Shruti Verma,5.5,API Testing,TypeScript,Testing,Pune,Manufacturing,On Notice,1,Available,2026-08-14,,MCA,Hybrid,Banking,3.0,2.9,2.8,5-8 Years,Role API Testing; secondary TypeScript; group Testing; location Pune; domain Manufacturing; experience 5.5; certification nan; preferred domain Banking; work mode Hybrid,80.28,20.0,Experience is in required range,44.11,Normal,3,232
EMP0350,Neha Patel,7.3,Performance Testing,Spark,Testing,Kolkata,Healthcare,Unallocated,50,Available,2026-10-12,GCP Certified,B.Tech,Onsite,Healthcare,3.0,3.3,4.1,5-8 Years,Role Performance Testing; secondary Spark; group Testing; location Kolkata; domain Healthcare; experience 7.3; certification GCP Certified; preferred domain Healthcare; work mode Onsite,79.52,20.5,"Experience is close to required range, Currently unallocated, Strong previous project rating",44.11,Monitor,0,233
EMP0332,Siddharth Patel,8.1,Selenium,DAX,Testing,Mumbai,Banking,Allocated,14,Customer Portal,2026-10-14,GCP Certified,MCA,Remote,Retail,5.0,2.9,4.0,8+ Years,Role Selenium; secondary DAX; group Testing; location Mumbai; domain Banking; experience 8.1; certification GCP Certified; preferred domain Retail; work mode Remote,79.4,20.5,"Experience is close to required range, Domain matches, Strong previous project rating",44.06,Normal,0,234
EMP0096,Isha Pillai,1.2,Performance Testing,Spring Boot,Testing,Delhi,Telecom,Allocated,15,Claims Platform,2026-08-19,Power BI Certification,MCA,Hybrid,Telecom,0.7,3.9,3.0,0-2 Years,Role Performance Testing; secondary Spring Boot; group Testing; location Delhi; domain Telecom; experience 1.2; certification Power BI Certification; preferred domain Telecom; work mode Hybrid,80.1,20.0,"Secondary skill is relevant, Experience is close to required range",44.04,Normal,3,235
EMP0064,Sneha Reddy,7.4,Power BI,Spark,Data,Pune,Banking,Allocated,20,Cloud Transformation,2026-08-17,Azure Certified,M.Tech,Remote,Manufacturing,4.4,3.0,4.5,5-8 Years,Role Power BI; secondary Spark; group Data; location Pune; domain Banking; experience 7.4; certification Azure Certified; preferred domain Manufacturing; work mode Remote,79.34,20.5,"Experience is close to required range, Domain matches, Strong previous project rating",44.04,Normal,0,236
EMP0264,Divya Patel,10.8,TypeScript,Kubernetes,Frontend,Chennai,Insurance,Unallocated,124,Available,2026-08-06,Java Certification,B.Sc,Remote,Healthcare,6.8,3.6,2.6,8+ Years,Role TypeScript; secondary Kubernetes; group Frontend; location Chennai; domain Insurance; experience 10.8; certification Java Certification; preferred domain Healthcare; work mode Remote,82.86,18.0,"Experience is close to required range, Currently unallocated",43.94,Needs Attention,1,237
EMP0024,Anil Gupta,9.3,Data Engineering,Spark,Data,Delhi,Banking,Allocated,7,CRM Upgrade,2026-08-05,,B.E.,Hybrid,Technology,8.4,3.4,4.6,8+ Years,Role Data Engineering; secondary Spark; group Data; location Delhi; domain Banking; experience 9.3; certification nan; preferred domain Technology; work mode Hybrid,79.1,20.5,"Experience is close to required range, Domain matches, Strong previous project rating",43.94,Normal,0,238
EMP0341,Pooja Pillai,11.5,Vue,Spark,Frontend,Delhi,Insurance,Unallocated,85,Available,2026-08-02,Java Certification,M.Tech,Remote,Technology,4.5,3.3,3.9,8+ Years,Role Vue; secondary Spark; group Frontend; location Delhi; domain Insurance; experience 11.5; certification Java Certification; preferred domain Technology; work mode Remote,82.72,18.0,"Experience is close to required range, Currently unallocated",43.89,Needs Attention,0,239
EMP0311,Isha Iyer,5.0,Spark,Azure,Data,Mumbai,Insurance,Allocated,10,CRM Upgrade,2026-10-10,Power BI Certification,M.Tech,Remote,Healthcare,4.6,2.5,2.6,2-5 Years,Role Spark; secondary Azure; group Data; location Mumbai; domain Insurance; experience 5.0; certification Power BI Certification; preferred domain Healthcare; work mode Remote,79.64,20.0,Experience is in required range,43.86,Normal,3,240
EMP0019,Ravi Khan,6.1,Cypress,Docker,Testing,Chennai,Retail,Unallocated,89,Available,2026-08-21,,B.Sc,Onsite,Retail,4.4,5.0,4.1,5-8 Years,Role Cypress; secondary Docker; group Testing; location Chennai; domain Retail; experience 6.1; certification nan; preferred domain Retail; work mode Onsite,75.1,23.0,"Experience is close to required range, Currently unallocated, Strong communication rating, Strong previous project rating",43.84,Needs Attention,1,241
EMP0002,Aarav Chopra,5.1,Vue,Spark,Frontend,Hyderabad,Manufacturing,Allocated,8,CRM Upgrade,2026-09-13,Power BI Certification,B.E.,Hybrid,Technology,2.8,2.7,2.7,5-8 Years,Role Vue; secondary Spark; group Frontend; location Hyderabad; domain Manufacturing; experience 5.1; certification Power BI Certification; preferred domain Technology; work mode Hybrid,79.55,20.0,Experience is in required range,43.82,Normal,3,242
EMP0203,Pooja Reddy,0.6,Data Engineering,Spark,Data,Bangalore,Manufacturing,Unallocated,17,Available,2026-08-01,AWS Certified,MCA,Remote,Manufacturing,0.4,2.9,3.5,0-2 Years,Role Data Engineering; secondary Spark; group Data; location Bangalore; domain Manufacturing; experience 0.6; certification AWS Certified; preferred domain Manufacturing; work mode Remote,79.49,20.0,"Location matches, Currently unallocated",43.8,Normal,3,243
EMP0330,Isha Pillai,4.8,GCP,Python,Cloud,Delhi,Manufacturing,On Notice,18,Available,2026-08-05,Azure Certified,MCA,Remote,Technology,4.2,4.7,3.1,2-5 Years,Role GCP; secondary Python; group Cloud; location Delhi; domain Manufacturing; experience 4.8; certification Azure Certified; preferred domain Technology; work mode Remote,75.7,22.5,"Experience is in required range, Strong communication rating",43.78,Normal,4,244
EMP0327,Aarav Chopra,9.1,Power BI,Azure,Data,Mumbai,Retail,Unallocated,47,Available,2026-10-17,Java Certification,B.Sc,Hybrid,Insurance,6.9,3.4,4.2,8+ Years,Role Power BI; secondary Azure; group Data; location Mumbai; domain Retail; experience 9.1; certification Java Certification; preferred domain Insurance; work mode Hybrid,78.58,20.5,"Experience is close to required range, Currently unallocated, Strong previous project rating",43.73,Monitor,0,245
EMP0099,Siddharth Sharma,7.4,DevOps,Kubernetes,Cloud,Hyderabad,Banking,Allocated,2,Claims Platform,2026-08-06,ISTQB,M.Tech,Onsite,Healthcare,7.0,3.9,3.1,5-8 Years,Role DevOps; secondary Kubernetes; group Cloud; location Hyderabad; domain Banking; experience 7.4; certification ISTQB; preferred domain Healthcare; work mode Onsite,82.3,18.0,"Experience is close to required range, Domain matches",43.72,Normal,0,246
EMP0152,Siddharth Pillai,1.6,Spark,Python,Data,Mumbai,Healthcare,Unallocated,110,Available,2026-08-14,AWS Certified,B.Tech,Remote,Telecom,0.6,4.0,3.3,0-2 Years,Role Spark; secondary Python; group Data; location Mumbai; domain Healthcare; experience 1.6; certification AWS Certified; preferred domain Telecom; work mode Remote,78.5,20.5,"Experience is close to required range, Currently unallocated, Strong communication rating",43.7,Needs Attention,1,247
EMP0117,Vikram Khan,2.1,Performance Testing,Azure,Testing,Chennai,Insurance,Allocated,4,CRM Upgrade,2026-10-18,Power BI Certification,B.Sc,Remote,Telecom,1.8,3.8,4.3,2-5 Years,Role Performance Testing; secondary Azure; group Testing; location Chennai; domain Insurance; experience 2.1; certification Power BI Certification; preferred domain Telecom; work mode Remote,75.25,22.5,"Experience is in required range, Strong previous project rating",43.6,Normal,3,248
EMP0325,Arjun Pillai,6.5,Data Engineering,AWS,Data,Kolkata,Insurance,Unallocated,35,Available,2026-08-18,Power BI Certification,B.Sc,Hybrid,Healthcare,6.2,4.9,2.9,5-8 Years,Role Data Engineering; secondary AWS; group Data; location Kolkata; domain Insurance; experience 6.5; certification Power BI Certification; preferred domain Healthcare; work mode Hybrid,78.22,20.5,"Experience is close to required range, Currently unallocated, Strong communication rating",43.59,Monitor,4,249
EMP0043,Neha Nair,5.7,API Testing,REST APIs,Testing,Delhi,Healthcare,Allocated,13,Data Lake Migration,2026-09-09,Power BI Certification,B.E.,Hybrid,Manufacturing,2.7,2.8,3.8,5-8 Years,Role API Testing; secondary REST APIs; group Testing; location Delhi; domain Healthcare; experience 5.7; certification Power BI Certification; preferred domain Manufacturing; work mode Hybrid,78.95,20.0,Experience is in required range,43.58,Normal,3,250
EMP0211,Anil Nair,11.5,Azure,DAX,Cloud,Kolkata,Banking,Allocated,19,Digital Payments,2026-09-19,Scrum Master,B.Sc,Remote,Technology,5.9,3.6,4.7,8+ Years,Role Azure; secondary DAX; group Cloud; location Kolkata; domain Banking; experience 11.5; certification Scrum Master; preferred domain Technology; work mode Remote,78.08,20.5,"Experience is close to required range, Domain matches, Strong previous project rating",43.53,Normal,0,251
EMP0258,Meera Kulkarni,7.3,Angular,Spark,Frontend,Mumbai,Technology,Unallocated,29,Available,2026-08-07,,B.Sc,Hybrid,Retail,5.5,3.1,3.0,5-8 Years,Role Angular; secondary Spark; group Frontend; location Mumbai; domain Technology; experience 7.3; certification nan; preferred domain Retail; work mode Hybrid,81.59,18.0,"Experience is close to required range, Currently unallocated",43.44,Normal,0,252
EMP0284,Anil Joshi,5.9,API Testing,Docker,Testing,Kolkata,Telecom,On Notice,16,Available,2026-08-17,AWS Certified,B.Sc,Remote,Healthcare,5.4,2.6,3.4,5-8 Years,Role API Testing; secondary Docker; group Testing; location Kolkata; domain Telecom; experience 5.9; certification AWS Certified; preferred domain Healthcare; work mode Remote,78.39,20.0,Experience is in required range,43.36,Normal,3,253
EMP0163,Rahul Reddy,7.0,TypeScript,Spark,Frontend,Delhi,Technology,Unallocated,54,Available,2026-08-09,Azure Certified,B.Sc,Hybrid,Retail,3.8,3.6,3.2,5-8 Years,Role TypeScript; secondary Spark; group Frontend; location Delhi; domain Technology; experience 7.0; certification Azure Certified; preferred domain Retail; work mode Hybrid,81.38,18.0,"Experience is close to required range, Currently unallocated",43.35,Monitor,0,254
EMP0028,Aarav Reddy,7.3,Azure,Kubernetes,Cloud,Hyderabad,Healthcare,Unallocated,140,Available,2026-10-14,ISTQB,MCA,Remote,Healthcare,5.5,3.8,4.5,5-8 Years,Role Azure; secondary Kubernetes; group Cloud; location Hyderabad; domain Healthcare; experience 7.3; certification ISTQB; preferred domain Healthcare; work mode Remote,77.6,20.5,"Experience is close to required range, Currently unallocated, Strong previous project rating",43.34,Needs Attention,1,255
EMP0062,Arjun Reddy,2.2,Python,AWS,Data,Pune,Manufacturing,Allocated,11,Data Lake Migration,2026-09-28,Power BI Certification,B.E.,Remote,Technology,1.4,3.1,3.9,2-5 Years,Role Python; secondary AWS; group Data; location Pune; domain Manufacturing; experience 2.2; certification Power BI Certification; preferred domain Technology; work mode Remote,78.24,20.0,Experience is in required range,43.3,Normal,3,256
EMP0210,Rohan Mishra,4.8,SQL,Python,Data,Kolkata,Telecom,Allocated,1,Customer Portal,2026-08-16,,B.E.,Hybrid,Insurance,4.0,2.8,3.6,2-5 Years,Role SQL; secondary Python; group Data; location Kolkata; domain Telecom; experience 4.8; certification nan; preferred domain Insurance; work mode Hybrid,78.14,20.0,Experience is in required range,43.26,Normal,3,257
EMP0123,Anil Khan,8.7,GCP,Python,Cloud,Delhi,Retail,Unallocated,137,Available,2026-08-18,Azure Certified,B.Sc,Onsite,Telecom,4.3,2.6,4.8,8+ Years,Role GCP; secondary Python; group Cloud; location Delhi; domain Retail; experience 8.7; certification Azure Certified; preferred domain Telecom; work mode Onsite,76.64,20.5,"Experience is close to required range, Currently unallocated, Strong previous project rating",42.96,Needs Attention,1,258
EMP0279,Meera Joshi,10.7,TypeScript,Python,Frontend,Bangalore,Telecom,Allocated,8,Digital Payments,2026-10-04,Power BI Certification,M.Tech,Hybrid,Technology,7.0,3.1,3.8,8+ Years,Role TypeScript; secondary Python; group Frontend; location Bangalore; domain Telecom; experience 10.7; certification Power BI Certification; preferred domain Technology; work mode Hybrid,80.23,18.0,"Experience is close to required range, Location matches",42.89,Normal,0,259
EMP0286,Shruti Joshi,11.0,Data Engineering,Docker,Data,Pune,Manufacturing,Unallocated,47,Available,2026-09-17,ISTQB,MCA,Remote,Healthcare,5.0,2.8,3.9,8+ Years,Role Data Engineering; secondary Docker; group Data; location Pune; domain Manufacturing; experience 11.0; certification ISTQB; preferred domain Healthcare; work mode Remote,80.08,18.0,"Experience is close to required range, Currently unallocated",42.83,Monitor,0,260
EMP0225,Kiran Mishra,6.8,Angular,TypeScript,Frontend,Delhi,Healthcare,Unallocated,22,Available,2026-09-21,Scrum Master,MCA,Remote,Banking,2.5,3.0,3.4,5-8 Years,Role Angular; secondary TypeScript; group Frontend; location Delhi; domain Healthcare; experience 6.8; certification Scrum Master; preferred domain Banking; work mode Remote,80.07,18.0,"Experience is close to required range, Currently unallocated",42.83,Normal,0,261
EMP0076,Neha Nair,6.6,Power BI,AWS,Data,Bangalore,Healthcare,Allocated,17,Cloud Transformation,2026-10-25,Scrum Master,B.Tech,Remote,Telecom,3.5,2.8,3.8,5-8 Years,Role Power BI; secondary AWS; group Data; location Bangalore; domain Healthcare; experience 6.6; certification Scrum Master; preferred domain Telecom; work mode Remote,80.02,18.0,"Experience is close to required range, Location matches",42.81,Normal,3,262
EMP0188,Priya Iyer,0.5,C#,Python,Backend,Hyderabad,Healthcare,Allocated,9,API Modernization,2026-08-08,GCP Certified,M.Tech,Hybrid,Banking,0.5,4.7,3.8,0-2 Years,Role C#; secondary Python; group Backend; location Hyderabad; domain Healthcare; experience 0.5; certification GCP Certified; preferred domain Banking; work mode Hybrid,80.62,17.5,"Skill group matches, Strong communication rating",42.75,Normal,4,263
EMP0334,Vikram Mishra,6.6,TypeScript,Postman,Frontend,Delhi,Technology,Unallocated,43,Available,2026-08-20,GCP Certified,B.E.,Hybrid,Technology,5.1,3.5,3.3,5-8 Years,Role TypeScript; secondary Postman; group Frontend; location Delhi; domain Technology; experience 6.6; certification GCP Certified; preferred domain Technology; work mode Hybrid,79.66,18.0,"Experience is close to required range, Currently unallocated",42.66,Monitor,0,264
EMP0261,Meera Kulkarni,9.0,GCP,Azure,Cloud,Bangalore,Technology,Allocated,3,Data Lake Migration,2026-08-18,Java Certification,M.Tech,Onsite,Manufacturing,3.6,2.7,2.5,8+ Years,Role GCP; secondary Azure; group Cloud; location Bangalore; domain Technology; experience 9.0; certification Java Certification; preferred domain Manufacturing; work mode Onsite,79.53,18.0,"Experience is close to required range, Location matches",42.61,Normal,0,265
EMP0250,Ravi Chopra,5.9,API Testing,DAX,Testing,Chennai,Telecom,Allocated,11,Claims Platform,2026-08-24,Azure Certified,B.Sc,Hybrid,Healthcare,4.0,3.5,3.4,5-8 Years,Role API Testing; secondary DAX; group Testing; location Chennai; domain Telecom; experience 5.9; certification Azure Certified; preferred domain Healthcare; work mode Hybrid,76.43,20.0,Experience is in required range,42.57,Normal,0,266
EMP0173,Arjun Verma,9.6,Spark,React,Data,Kolkata,Retail,Unallocated,33,Available,2026-10-27,AWS Certified,B.Tech,Hybrid,Manufacturing,7.9,3.6,2.8,8+ Years,Role Spark; secondary React; group Data; location Kolkata; domain Retail; experience 9.6; certification AWS Certified; preferred domain Manufacturing; work mode Hybrid,79.26,18.0,"Experience is close to required range, Currently unallocated",42.5,Monitor,0,267
EMP0182,Divya Patel,8.5,Data Engineering,TypeScript,Data,Bangalore,Healthcare,Allocated,1,Core Banking Modernization,2026-09-09,GCP Certified,B.Tech,Hybrid,Manufacturing,3.7,2.5,3.7,8+ Years,Role Data Engineering; secondary TypeScript; group Data; location Bangalore; domain Healthcare; experience 8.5; certification GCP Certified; preferred domain Manufacturing; work mode Hybrid,79.25,18.0,"Experience is close to required range, Location matches",42.5,Normal,0,268
EMP0336,Ravi Mishra,7.8,Vue,Azure,Frontend,Bangalore,Insurance,Allocated,14,Data Lake Migration,2026-10-19,Java Certification,B.Tech,Hybrid,Insurance,3.0,3.4,2.9,5-8 Years,Role Vue; secondary Azure; group Frontend; location Bangalore; domain Insurance; experience 7.8; certification Java Certification; preferred domain Insurance; work mode Hybrid,78.92,18.0,"Experience is close to required range, Location matches",42.37,Normal,0,269
EMP0161,Siddharth Singh,6.2,Azure,DAX,Cloud,Pune,Retail,Unallocated,24,Available,2026-08-09,Power BI Certification,B.Tech,Onsite,Banking,2.3,3.4,2.8,5-8 Years,Role Azure; secondary DAX; group Cloud; location Pune; domain Retail; experience 6.2; certification Power BI Certification; preferred domain Banking; work mode Onsite,78.81,18.0,"Experience is close to required range, Currently unallocated",42.32,Normal,0,270
EMP0204,Arjun Kulkarni,6.5,GCP,Spark,Cloud,Delhi,Insurance,Unallocated,122,Available,2026-08-21,,B.Tech,Hybrid,Retail,2.4,3.2,2.8,5-8 Years,Role GCP; secondary Spark; group Cloud; location Delhi; domain Insurance; experience 6.5; certification nan; preferred domain Retail; work mode Hybrid,78.74,18.0,"Experience is close to required range, Currently unallocated",42.3,Needs Attention,1,271
EMP0335,Rahul Sharma,7.4,GCP,Azure,Cloud,Kolkata,Retail,Unallocated,33,Available,2026-08-02,,MCA,Remote,Telecom,6.2,4.0,3.7,5-8 Years,Role GCP; secondary Azure; group Cloud; location Kolkata; domain Retail; experience 7.4; certification nan; preferred domain Telecom; work mode Remote,75.01,20.5,"Experience is close to required range, Currently unallocated, Strong communication rating",42.3,Monitor,0,272
EMP0320,Rohan Chopra,8.6,Power BI,Kubernetes,Data,Mumbai,Healthcare,Unallocated,139,Available,2026-10-19,GCP Certified,B.Tech,Remote,Telecom,7.7,3.8,3.1,8+ Years,Role Power BI; secondary Kubernetes; group Data; location Mumbai; domain Healthcare; experience 8.6; certification GCP Certified; preferred domain Telecom; work mode Remote,78.51,18.0,"Experience is close to required range, Currently unallocated",42.2,Needs Attention,1,273
EMP0018,Aditya Gupta,7.9,Power BI,AWS,Data,Delhi,Retail,Unallocated,67,Available,2026-09-28,ISTQB,B.Tech,Hybrid,Healthcare,5.7,3.9,2.7,5-8 Years,Role Power BI; secondary AWS; group Data; location Delhi; domain Retail; experience 7.9; certification ISTQB; preferred domain Healthcare; work mode Hybrid,78.49,18.0,"Experience is close to required range, Currently unallocated",42.2,Needs Attention,0,274
EMP0040,Shruti Mehta,11.1,Vue,TypeScript,Frontend,Kolkata,Manufacturing,Unallocated,137,Available,2026-10-15,Power BI Certification,M.Tech,Hybrid,Technology,10.1,3.2,3.6,8+ Years,Role Vue; secondary TypeScript; group Frontend; location Kolkata; domain Manufacturing; experience 11.1; certification Power BI Certification; preferred domain Technology; work mode Hybrid,78.46,18.0,"Experience is close to required range, Currently unallocated",42.18,Needs Attention,1,275
EMP0142,Sneha Mishra,10.6,GCP,Postman,Cloud,Hyderabad,Manufacturing,Unallocated,105,Available,2026-08-19,AWS Certified,M.Tech,Onsite,Telecom,7.4,3.5,2.9,8+ Years,Role GCP; secondary Postman; group Cloud; location Hyderabad; domain Manufacturing; experience 10.6; certification AWS Certified; preferred domain Telecom; work mode Onsite,78.31,18.0,"Experience is close to required range, Currently unallocated",42.12,Needs Attention,0,276
EMP0113,Vikram Khan,3.2,Performance Testing,Azure,Testing,Delhi,Retail,Allocated,5,Claims Platform,2026-08-21,,B.Sc,Remote,Healthcare,2.8,3.7,2.7,2-5 Years,Role Performance Testing; secondary Azure; group Testing; location Delhi; domain Retail; experience 3.2; certification nan; preferred domain Healthcare; work mode Remote,75.29,20.0,Experience is in required range,42.12,Normal,3,277
EMP0224,Kiran Nair,11.4,Angular,Postman,Frontend,Delhi,Insurance,Unallocated,117,Available,2026-08-11,,M.Tech,Onsite,Insurance,6.1,2.6,3.6,8+ Years,Role Angular; secondary Postman; group Frontend; location Delhi; domain Insurance; experience 11.4; certification nan; preferred domain Insurance; work mode Onsite,78.17,18.0,"Experience is close to required range, Currently unallocated",42.07,Needs Attention,0,278
EMP0047,Nisha Verma,9.0,Cypress,Azure,Testing,Pune,Retail,Unallocated,113,Available,2026-10-12,AWS Certified,B.Sc,Onsite,Banking,8.3,3.0,3.0,8+ Years,Role Cypress; secondary Azure; group Testing; location Pune; domain Retail; experience 9.0; certification AWS Certified; preferred domain Banking; work mode Onsite,77.52,18.0,"Experience is close to required range, Currently unallocated",41.81,Needs Attention,1,279
EMP0189,Rohan Gupta,11.2,Data Engineering,AWS,Data,Kolkata,Healthcare,Unallocated,24,Available,2026-08-10,AWS Certified,MCA,Onsite,Insurance,5.5,3.2,3.3,8+ Years,Role Data Engineering; secondary AWS; group Data; location Kolkata; domain Healthcare; experience 11.2; certification AWS Certified; preferred domain Insurance; work mode Onsite,77.46,18.0,"Experience is close to required range, Currently unallocated",41.78,Normal,0,280
EMP0151,Ravi Patel,9.0,AWS,Kubernetes,Cloud,Hyderabad,Healthcare,Unallocated,63,Available,2026-10-21,GCP Certified,MCA,Remote,Retail,3.7,2.5,3.3,8+ Years,Role AWS; secondary Kubernetes; group Cloud; location Hyderabad; domain Healthcare; experience 9.0; certification GCP Certified; preferred domain Retail; work mode Remote,77.13,18.0,"Experience is close to required range, Currently unallocated",41.65,Needs Attention,0,281
EMP0155,Ananya Verma,9.3,Performance Testing,Postman,Testing,Kolkata,Manufacturing,Unallocated,85,Available,2026-10-16,GCP Certified,M.Tech,Remote,Telecom,8.5,3.0,3.3,8+ Years,Role Performance Testing; secondary Postman; group Testing; location Kolkata; domain Manufacturing; experience 9.3; certification GCP Certified; preferred domain Telecom; work mode Remote,77.07,18.0,"Experience is close to required range, Currently unallocated",41.63,Needs Attention,0,282
EMP0060,Siddharth Gupta,8.9,AWS,DAX,Cloud,Chennai,Banking,Allocated,3,Core Banking Modernization,2026-09-11,AWS Certified,M.Tech,Remote,Retail,5.4,3.1,3.5,8+ Years,Role AWS; secondary DAX; group Cloud; location Chennai; domain Banking; experience 8.9; certification AWS Certified; preferred domain Retail; work mode Remote,76.97,18.0,"Experience is close to required range, Domain matches",41.59,Normal,0,283
EMP0067,Siddharth Khan,10.6,API Testing,DAX,Testing,Chennai,Manufacturing,Unallocated,16,Available,2026-09-22,Azure Certified,B.E.,Hybrid,Banking,5.6,3.7,2.7,8+ Years,Role API Testing; secondary DAX; group Testing; location Chennai; domain Manufacturing; experience 10.6; certification Azure Certified; preferred domain Banking; work mode Hybrid,76.74,18.0,"Experience is close to required range, Currently unallocated",41.5,Normal,0,284
EMP0146,Divya Iyer,1.7,Azure,Azure,Cloud,Mumbai,Retail,Unallocated,38,Available,2026-09-15,Power BI Certification,MCA,Hybrid,Retail,1.6,3.6,3.1,0-2 Years,Role Azure; secondary Azure; group Cloud; location Mumbai; domain Retail; experience 1.7; certification Power BI Certification; preferred domain Retail; work mode Hybrid,75.92,18.0,"Experience is close to required range, Currently unallocated",41.17,Monitor,3,285
EMP0063,Anil Sharma,11.4,API Testing,Azure,Testing,Kolkata,Manufacturing,Unallocated,101,Available,2026-08-07,,M.Tech,Hybrid,Telecom,9.5,3.0,3.0,8+ Years,Role API Testing; secondary Azure; group Testing; location Kolkata; domain Manufacturing; experience 11.4; certification nan; preferred domain Telecom; work mode Hybrid,75.63,18.0,"Experience is close to required range, Currently unallocated",41.05,Needs Attention,0,286
EMP0170,Neha Gupta,6.8,React,REST APIs,Frontend,Delhi,Retail,Allocated,19,Data Lake Migration,2026-10-13,Power BI Certification,B.Sc,Onsite,Technology,2.8,4.9,4.5,5-8 Years,Role React; secondary REST APIs; group Frontend; location Delhi; domain Retail; experience 6.8; certification Power BI Certification; preferred domain Technology; work mode Onsite,83.09,13.0,"Experience is close to required range, Strong communication rating, Strong previous project rating",41.04,Normal,4,287
EMP0074,Nisha Mehta,6.5,Automation Testing,Python,Testing,Mumbai,Healthcare,Unallocated,135,Available,2026-08-13,Azure Certified,B.Sc,Onsite,Technology,3.1,3.6,3.1,5-8 Years,Role Automation Testing; secondary Python; group Testing; location Mumbai; domain Healthcare; experience 6.5; certification Azure Certified; preferred domain Technology; work mode Onsite,75.32,18.0,"Experience is close to required range, Currently unallocated",40.93,Needs Attention,1,288
EMP0132,Aarav Joshi,1.1,Kubernetes,Kubernetes,Cloud,Kolkata,Banking,Allocated,9,Claims Platform,2026-10-14,Azure Certified,B.Tech,Remote,Retail,0.8,3.9,2.7,0-2 Years,Role Kubernetes; secondary Kubernetes; group Cloud; location Kolkata; domain Banking; experience 1.1; certification Azure Certified; preferred domain Retail; work mode Remote,75.32,18.0,"Experience is close to required range, Domain matches",40.93,Normal,3,289
EMP0092,Siddharth Chopra,8.0,JavaScript,Kubernetes,Frontend,Kolkata,Healthcare,Allocated,14,CRM Upgrade,2026-08-21,Java Certification,B.Sc,Hybrid,Technology,4.0,4.1,4.7,5-8 Years,Role JavaScript; secondary Kubernetes; group Frontend; location Kolkata; domain Healthcare; experience 8.0; certification Java Certification; preferred domain Technology; work mode Hybrid,82.57,13.0,"Experience is close to required range, Strong communication rating, Strong previous project rating",40.83,Normal,0,290
EMP0212,Kiran Gupta,6.2,Automation Testing,Azure,Testing,Mumbai,Telecom,Unallocated,106,Available,2026-08-13,Azure Certified,B.Sc,Hybrid,Technology,3.2,3.8,3.4,5-8 Years,Role Automation Testing; secondary Azure; group Testing; location Mumbai; domain Telecom; experience 6.2; certification Azure Certified; preferred domain Technology; work mode Hybrid,73.43,18.0,"Experience is close to required range, Currently unallocated",40.17,Needs Attention,1,291
EMP0127,Arjun Kulkarni,0.7,Power BI,Spark,Data,Hyderabad,Insurance,Unallocated,75,Available,2026-10-18,Scrum Master,MCA,Onsite,Retail,0.3,4.2,3.0,0-2 Years,Role Power BI; secondary Spark; group Data; location Hyderabad; domain Insurance; experience 0.7; certification Scrum Master; preferred domain Retail; work mode Onsite,81.48,12.5,"Currently unallocated, Strong communication rating",40.09,Needs Attention,4,292
EMP0049,Ananya Patel,9.2,JavaScript,Python,Frontend,Hyderabad,Manufacturing,Allocated,6,Customer Portal,2026-09-04,GCP Certified,B.Tech,Hybrid,Insurance,7.6,4.0,4.6,8+ Years,Role JavaScript; secondary Python; group Frontend; location Hyderabad; domain Manufacturing; experience 9.2; certification GCP Certified; preferred domain Insurance; work mode Hybrid,80.52,13.0,"Experience is close to required range, Strong communication rating, Strong previous project rating",40.01,Normal,0,293
EMP0080,Arjun Mehta,1.8,Vue,Python,Frontend,Delhi,Retail,Allocated,9,Core Banking Modernization,2026-08-29,Scrum Master,B.Sc,Hybrid,Banking,0.9,4.9,4.4,0-2 Years,Role Vue; secondary Python; group Frontend; location Delhi; domain Retail; experience 1.8; certification Scrum Master; preferred domain Banking; work mode Hybrid,80.36,13.0,"Experience is close to required range, Strong communication rating, Strong previous project rating",39.94,Normal,4,294
EMP0022,Neha Sharma,1.7,Selenium,Postman,Testing,Chennai,Telecom,On Notice,4,Available,2026-10-10,GCP Certified,MCA,Hybrid,Banking,0.9,4.7,4.5,0-2 Years,Role Selenium; secondary Postman; group Testing; location Chennai; domain Telecom; experience 1.7; certification GCP Certified; preferred domain Banking; work mode Hybrid,80.14,13.0,"Experience is close to required range, Strong communication rating, Strong previous project rating",39.86,Normal,4,295
EMP0034,Divya Mehta,8.7,Kubernetes,Docker,Cloud,Chennai,Healthcare,Allocated,19,API Modernization,2026-08-04,Scrum Master,M.Tech,Onsite,Manufacturing,7.2,4.3,4.6,8+ Years,Role Kubernetes; secondary Docker; group Cloud; location Chennai; domain Healthcare; experience 8.7; certification Scrum Master; preferred domain Manufacturing; work mode Onsite,79.94,13.0,"Experience is close to required range, Strong communication rating, Strong previous project rating",39.78,Normal,0,296
EMP0168,Neha Verma,6.1,Kubernetes,REST APIs,Cloud,Mumbai,Technology,Allocated,8,Core Banking Modernization,2026-09-26,Java Certification,MCA,Hybrid,Manufacturing,5.2,4.4,3.2,5-8 Years,Role Kubernetes; secondary REST APIs; group Cloud; location Mumbai; domain Technology; experience 6.1; certification Java Certification; preferred domain Manufacturing; work mode Hybrid,83.29,10.5,"Experience is close to required range, Strong communication rating",39.62,Normal,4,297
EMP0054,Meera Reddy,0.8,AWS,Python,Cloud,Bangalore,Telecom,Allocated,7,CRM Upgrade,2026-08-12,Java Certification,B.Tech,Remote,Banking,0.6,2.9,4.8,0-2 Years,Role AWS; secondary Python; group Cloud; location Bangalore; domain Telecom; experience 0.8; certification Java Certification; preferred domain Banking; work mode Remote,79.86,12.5,"Location matches, Strong previous project rating",39.44,Normal,3,298
EMP0287,Ananya Verma,8.4,React,TypeScript,Frontend,Hyderabad,Insurance,Allocated,17,Customer Portal,2026-09-30,AWS Certified,B.E.,Remote,Healthcare,3.6,4.7,4.1,8+ Years,Role React; secondary TypeScript; group Frontend; location Hyderabad; domain Insurance; experience 8.4; certification AWS Certified; preferred domain Healthcare; work mode Remote,79.05,13.0,"Experience is close to required range, Strong communication rating, Strong previous project rating",39.42,Normal,0,299
EMP0093,Nisha Patel,8.3,Selenium,Spark,Testing,Hyderabad,Retail,Allocated,3,API Modernization,2026-10-05,GCP Certified,MCA,Hybrid,Insurance,7.0,4.7,4.8,8+ Years,Role Selenium; secondary Spark; group Testing; location Hyderabad; domain Retail; experience 8.3; certification GCP Certified; preferred domain Insurance; work mode Hybrid,78.87,13.0,"Experience is close to required range, Strong communication rating, Strong previous project rating",39.35,Normal,0,300
EMP0011,Aditya Kulkarni,8.8,Vue,AWS,Frontend,Chennai,Healthcare,Allocated,9,API Modernization,2026-08-16,Java Certification,B.E.,Hybrid,Retail,3.2,3.9,4.0,8+ Years,Role Vue; secondary AWS; group Frontend; location Chennai; domain Healthcare; experience 8.8; certification Java Certification; preferred domain Retail; work mode Hybrid,82.34,10.5,"Experience is close to required range, Strong previous project rating",39.24,Normal,0,301
EMP0157,Siddharth Chopra,11.0,Selenium,Kubernetes,Testing,Kolkata,Manufacturing,Allocated,6,Digital Payments,2026-09-22,,B.E.,Onsite,Retail,5.4,4.1,4.3,8+ Years,Role Selenium; secondary Kubernetes; group Testing; location Kolkata; domain Manufacturing; experience 11.0; certification nan; preferred domain Retail; work mode Onsite,78.59,13.0,"Experience is close to required range, Strong communication rating, Strong previous project rating",39.24,Normal,0,302
EMP0235,Shruti Khan,0.8,Python,React,Data,Bangalore,Healthcare,Allocated,4,API Modernization,2026-08-06,Azure Certified,M.Tech,Onsite,Retail,0.3,4.7,3.8,0-2 Years,Role Python; secondary React; group Data; location Bangalore; domain Healthcare; experience 0.8; certification Azure Certified; preferred domain Retail; work mode Onsite,78.8,12.5,"Location matches, Strong communication rating",39.02,Normal,4,303
EMP0293,Divya Iyer,7.7,React,DAX,Frontend,Chennai,Healthcare,Allocated,9,Customer Portal,2026-08-17,GCP Certified,B.Tech,Hybrid,Manufacturing,4.3,4.8,4.7,5-8 Years,Role React; secondary DAX; group Frontend; location Chennai; domain Healthcare; experience 7.7; certification GCP Certified; preferred domain Manufacturing; work mode Hybrid,77.97,13.0,"Experience is close to required range, Strong communication rating, Strong previous project rating",38.99,Normal,0,304
EMP0221,Shruti Reddy,7.8,Performance Testing,Kubernetes,Testing,Pune,Healthcare,Allocated,0,CRM Upgrade,2026-08-05,Java Certification,M.Tech,Onsite,Manufacturing,3.8,3.8,4.5,5-8 Years,Role Performance Testing; secondary Kubernetes; group Testing; location Pune; domain Healthcare; experience 7.8; certification Java Certification; preferred domain Manufacturing; work mode Onsite,81.7,10.5,"Experience is close to required range, Strong previous project rating",38.98,Normal,0,305
EMP0110,Sneha Kulkarni,1.0,Python,Spark,Data,Mumbai,Retail,Allocated,2,Claims Platform,2026-10-13,Scrum Master,B.Sc,Onsite,Banking,0.6,4.1,3.2,0-2 Years,Role Python; secondary Spark; group Data; location Mumbai; domain Retail; experience 1.0; certification Scrum Master; preferred domain Banking; work mode Onsite,81.63,10.5,"Experience is close to required range, Strong communication rating",38.95,Normal,3,306
EMP0147,Sneha Patel,8.0,JavaScript,TypeScript,Frontend,Pune,Healthcare,Allocated,20,API Modernization,2026-08-08,AWS Certified,B.E.,Hybrid,Healthcare,6.9,4.1,3.3,5-8 Years,Role JavaScript; secondary TypeScript; group Frontend; location Pune; domain Healthcare; experience 8.0; certification AWS Certified; preferred domain Healthcare; work mode Hybrid,81.57,10.5,"Experience is close to required range, Strong communication rating",38.93,Normal,0,307
EMP0051,Arjun Sharma,11.0,Automation Testing,Spark,Testing,Kolkata,Insurance,On Notice,8,Available,2026-09-30,,M.Tech,Hybrid,Telecom,6.7,4.5,4.9,8+ Years,Role Automation Testing; secondary Spark; group Testing; location Kolkata; domain Insurance; experience 11.0; certification nan; preferred domain Telecom; work mode Hybrid,77.69,13.0,"Experience is close to required range, Strong communication rating, Strong previous project rating",38.88,Normal,0,308
EMP0312,Aarav Reddy,0.7,Python,Docker,Data,Hyderabad,Technology,Unallocated,77,Available,2026-09-10,AWS Certified,M.Tech,Onsite,Telecom,0.5,4.8,2.9,0-2 Years,Role Python; secondary Docker; group Data; location Hyderabad; domain Technology; experience 0.7; certification AWS Certified; preferred domain Telecom; work mode Onsite,78.1,12.5,"Currently unallocated, Strong communication rating",38.74,Needs Attention,4,309
EMP0257,Sneha Sharma,6.6,SQL,Azure,Data,Mumbai,Healthcare,Allocated,3,Digital Payments,2026-09-09,Java Certification,M.Tech,Hybrid,Healthcare,5.9,4.6,2.9,5-8 Years,Role SQL; secondary Azure; group Data; location Mumbai; domain Healthcare; experience 6.6; certification Java Certification; preferred domain Healthcare; work mode Hybrid,81.01,10.5,"Experience is close to required range, Strong communication rating",38.7,Normal,4,310
EMP0243,Vikram Pillai,1.6,Angular,TypeScript,Frontend,Pune,Telecom,Allocated,19,Claims Platform,2026-09-05,Scrum Master,M.Tech,Remote,Healthcare,1.3,2.8,4.0,0-2 Years,Role Angular; secondary TypeScript; group Frontend; location Pune; domain Telecom; experience 1.6; certification Scrum Master; preferred domain Healthcare; work mode Remote,80.48,10.5,"Experience is close to required range, Strong previous project rating",38.49,Normal,3,311
EMP0196,Shruti Pillai,11.4,Selenium,Spark,Testing,Pune,Retail,Allocated,11,Cloud Transformation,2026-09-19,Power BI Certification,B.E.,Hybrid,Retail,8.1,2.6,4.5,8+ Years,Role Selenium; secondary Spark; group Testing; location Pune; domain Retail; experience 11.4; certification Power BI Certification; preferred domain Retail; work mode Hybrid,80.38,10.5,"Experience is close to required range, Strong previous project rating",38.45,Normal,0,312
EMP0187,Siddharth Nair,9.1,Python,Azure,Data,Pune,Technology,Allocated,7,Claims Platform,2026-10-09,Java Certification,B.E.,Hybrid,Healthcare,3.3,3.9,4.1,8+ Years,Role Python; secondary Azure; group Data; location Pune; domain Technology; experience 9.1; certification Java Certification; preferred domain Healthcare; work mode Hybrid,80.26,10.5,"Experience is close to required range, Strong previous project rating",38.4,Normal,0,313
EMP0202,Divya Kulkarni,0.9,Kubernetes,Azure,Cloud,Bangalore,Healthcare,Allocated,19,Customer Portal,2026-09-12,Azure Certified,B.E.,Remote,Retail,0.4,4.7,2.7,0-2 Years,Role Kubernetes; secondary Azure; group Cloud; location Bangalore; domain Healthcare; experience 0.9; certification Azure Certified; preferred domain Retail; work mode Remote,76.77,12.5,"Location matches, Strong communication rating",38.21,Normal,4,314
EMP0290,Ravi Joshi,7.9,Spark,Azure,Data,Chennai,Healthcare,Allocated,14,Customer Portal,2026-08-22,ISTQB,MCA,Onsite,Telecom,5.5,4.6,2.7,5-8 Years,Role Spark; secondary Azure; group Data; location Chennai; domain Healthcare; experience 7.9; certification ISTQB; preferred domain Telecom; work mode Onsite,79.72,10.5,"Experience is close to required range, Strong communication rating",38.19,Normal,0,315
EMP0248,Pooja Chopra,10.5,Azure,Azure,Cloud,Mumbai,Manufacturing,Allocated,20,Claims Platform,2026-08-25,Power BI Certification,MCA,Hybrid,Manufacturing,4.1,4.9,4.3,8+ Years,Role Azure; secondary Azure; group Cloud; location Mumbai; domain Manufacturing; experience 10.5; certification Power BI Certification; preferred domain Manufacturing; work mode Hybrid,75.87,13.0,"Experience is close to required range, Strong communication rating, Strong previous project rating",38.15,Normal,0,316
EMP0125,Arjun Iyer,7.6,Spark,Python,Data,Delhi,Manufacturing,Allocated,2,Core Banking Modernization,2026-08-23,Scrum Master,B.E.,Hybrid,Technology,4.5,3.7,4.8,5-8 Years,Role Spark; secondary Python; group Data; location Delhi; domain Manufacturing; experience 7.6; certification Scrum Master; preferred domain Technology; work mode Hybrid,79.5,10.5,"Experience is close to required range, Strong previous project rating",38.1,Normal,0,317
EMP0162,Neha Joshi,6.2,Angular,React,Frontend,Hyderabad,Technology,Allocated,10,CRM Upgrade,2026-10-20,GCP Certified,B.E.,Onsite,Manufacturing,3.8,2.6,4.0,5-8 Years,Role Angular; secondary React; group Frontend; location Hyderabad; domain Technology; experience 6.2; certification GCP Certified; preferred domain Manufacturing; work mode Onsite,79.42,10.5,"Experience is close to required range, Strong previous project rating",38.07,Normal,3,318
EMP0177,Meera Mehta,1.3,Angular,REST APIs,Frontend,Delhi,Insurance,Allocated,19,Customer Portal,2026-09-22,,B.E.,Hybrid,Banking,0.6,2.8,4.3,0-2 Years,Role Angular; secondary REST APIs; group Frontend; location Delhi; domain Insurance; experience 1.3; certification nan; preferred domain Banking; work mode Hybrid,79.28,10.5,"Experience is close to required range, Strong previous project rating",38.01,Normal,3,319
EMP0195,Nisha Mehta,7.3,React,TypeScript,Frontend,Mumbai,Healthcare,Allocated,20,Core Banking Modernization,2026-08-12,Power BI Certification,MCA,Hybrid,Healthcare,3.4,4.7,3.8,5-8 Years,Role React; secondary TypeScript; group Frontend; location Mumbai; domain Healthcare; experience 7.3; certification Power BI Certification; preferred domain Healthcare; work mode Hybrid,79.08,10.5,"Experience is close to required range, Strong communication rating",37.93,Normal,0,320
EMP0309,Aditya Iyer,1.6,Vue,Docker,Frontend,Mumbai,Manufacturing,Allocated,17,Claims Platform,2026-10-12,GCP Certified,B.Sc,Onsite,Telecom,1.0,2.8,4.1,0-2 Years,Role Vue; secondary Docker; group Frontend; location Mumbai; domain Manufacturing; experience 1.6; certification GCP Certified; preferred domain Telecom; work mode Onsite,78.9,10.5,"Experience is close to required range, Strong previous project rating",37.86,Normal,3,321
EMP0194,Arjun Joshi,1.0,SQL,Postman,Data,Delhi,Healthcare,Allocated,5,API Modernization,2026-08-04,Scrum Master,MCA,Hybrid,Retail,0.5,3.0,3.2,0-2 Years,Role SQL; secondary Postman; group Data; location Delhi; domain Healthcare; experience 1.0; certification Scrum Master; preferred domain Retail; work mode Hybrid,82.58,8.0,Experience is close to required range,37.83,Normal,3,322
EMP0280,Shruti Chopra,8.1,API Testing,Docker,Testing,Kolkata,Retail,On Notice,18,Available,2026-09-28,,B.Sc,Hybrid,Healthcare,3.4,2.7,4.1,8+ Years,Role API Testing; secondary Docker; group Testing; location Kolkata; domain Retail; experience 8.1; certification nan; preferred domain Healthcare; work mode Hybrid,78.71,10.5,"Experience is close to required range, Strong previous project rating",37.78,Normal,0,323
EMP0265,Anil Mishra,8.2,SQL,Python,Data,Mumbai,Insurance,Allocated,8,CRM Upgrade,2026-10-23,Scrum Master,M.Tech,Onsite,Manufacturing,7.3,2.7,3.1,8+ Years,Role SQL; secondary Python; group Data; location Mumbai; domain Insurance; experience 8.2; certification Scrum Master; preferred domain Manufacturing; work mode Onsite,81.73,8.0,Experience is close to required range,37.49,Normal,0,324
EMP0166,Meera Nair,6.6,Cypress,Postman,Testing,Pune,Telecom,Allocated,4,Core Banking Modernization,2026-09-15,AWS Certified,MCA,Hybrid,Insurance,5.5,4.9,3.8,5-8 Years,Role Cypress; secondary Postman; group Testing; location Pune; domain Telecom; experience 6.6; certification AWS Certified; preferred domain Insurance; work mode Hybrid,77.9,10.5,"Experience is close to required range, Strong communication rating",37.46,Normal,4,325
EMP0089,Nisha Pillai,1.9,Data Engineering,TypeScript,Data,Delhi,Technology,Allocated,2,Cloud Transformation,2026-08-17,Azure Certified,MCA,Onsite,Retail,0.7,3.3,4.9,0-2 Years,Role Data Engineering; secondary TypeScript; group Data; location Delhi; domain Technology; experience 1.9; certification Azure Certified; preferred domain Retail; work mode Onsite,77.72,10.5,"Experience is close to required range, Strong previous project rating",37.39,Normal,3,326
EMP0130,Divya Kulkarni,10.5,Kubernetes,Spark,Cloud,Mumbai,Technology,Allocated,6,Digital Payments,2026-10-07,,B.Sc,Onsite,Retail,4.2,3.9,2.7,8+ Years,Role Kubernetes; secondary Spark; group Cloud; location Mumbai; domain Technology; experience 10.5; certification nan; preferred domain Retail; work mode Onsite,81.23,8.0,Experience is close to required range,37.29,Normal,0,327
EMP0329,Ravi Gupta,8.7,Azure,React,Cloud,Kolkata,Telecom,On Notice,6,Available,2026-10-02,ISTQB,MCA,Hybrid,Healthcare,5.2,2.6,4.3,8+ Years,Role Azure; secondary React; group Cloud; location Kolkata; domain Telecom; experience 8.7; certification ISTQB; preferred domain Healthcare; work mode Hybrid,77.47,10.5,"Experience is close to required range, Strong previous project rating",37.29,Normal,0,328
EMP0241,Priya Reddy,9.5,Azure,Azure,Cloud,Hyderabad,Insurance,Allocated,13,Digital Payments,2026-09-20,Java Certification,MCA,Hybrid,Manufacturing,5.3,4.4,2.6,8+ Years,Role Azure; secondary Azure; group Cloud; location Hyderabad; domain Insurance; experience 9.5; certification Java Certification; preferred domain Manufacturing; work mode Hybrid,77.31,10.5,"Experience is close to required range, Strong communication rating",37.22,Normal,0,329
EMP0005,Divya Kulkarni,11.4,GCP,REST APIs,Cloud,Kolkata,Technology,Allocated,17,Core Banking Modernization,2026-08-30,AWS Certified,M.Tech,Remote,Retail,4.4,4.8,3.9,8+ Years,Role GCP; secondary REST APIs; group Cloud; location Kolkata; domain Technology; experience 11.4; certification AWS Certified; preferred domain Retail; work mode Remote,77.3,10.5,"Experience is close to required range, Strong communication rating",37.22,Normal,0,330
EMP0101,Ananya Mishra,9.3,API Testing,Postman,Testing,Hyderabad,Telecom,Allocated,2,Data Lake Migration,2026-09-11,Azure Certified,B.Tech,Remote,Manufacturing,4.9,3.6,4.3,8+ Years,Role API Testing; secondary Postman; group Testing; location Hyderabad; domain Telecom; experience 9.3; certification Azure Certified; preferred domain Manufacturing; work mode Remote,77.3,10.5,"Experience is close to required range, Strong previous project rating",37.22,Normal,0,331
EMP0245,Arjun Kulkarni,8.9,SQL,DAX,Data,Pune,Manufacturing,Allocated,18,Data Lake Migration,2026-09-24,AWS Certified,B.Sc,Hybrid,Banking,5.1,2.6,2.6,8+ Years,Role SQL; secondary DAX; group Data; location Pune; domain Manufacturing; experience 8.9; certification AWS Certified; preferred domain Banking; work mode Hybrid,80.49,8.0,Experience is close to required range,37.0,Normal,0,332
EMP0103,Ravi Iyer,8.0,Vue,Spark,Frontend,Delhi,Retail,Allocated,4,Cloud Transformation,2026-09-19,AWS Certified,B.Sc,Hybrid,Manufacturing,5.0,3.4,3.6,5-8 Years,Role Vue; secondary Spark; group Frontend; location Delhi; domain Retail; experience 8.0; certification AWS Certified; preferred domain Manufacturing; work mode Hybrid,80.32,8.0,Experience is close to required range,36.93,Normal,0,333
EMP0056,Nisha Singh,10.8,GCP,Kubernetes,Cloud,Kolkata,Telecom,Allocated,0,API Modernization,2026-08-20,,B.Sc,Remote,Retail,5.9,4.4,3.4,8+ Years,Role GCP; secondary Kubernetes; group Cloud; location Kolkata; domain Telecom; experience 10.8; certification nan; preferred domain Retail; work mode Remote,76.56,10.5,"Experience is close to required range, Strong communication rating",36.92,Normal,0,334
EMP0244,Neha Kulkarni,9.8,API Testing,Docker,Testing,Hyderabad,Insurance,Allocated,10,Data Lake Migration,2026-10-27,ISTQB,B.E.,Onsite,Manufacturing,9.2,2.9,3.9,8+ Years,Role API Testing; secondary Docker; group Testing; location Hyderabad; domain Insurance; experience 9.8; certification ISTQB; preferred domain Manufacturing; work mode Onsite,80.06,8.0,Experience is close to required range,36.82,Normal,0,335
EMP0316,Divya Joshi,8.8,DevOps,Kubernetes,Cloud,Kolkata,Healthcare,Allocated,2,Customer Portal,2026-08-17,ISTQB,B.Tech,Remote,Telecom,7.0,3.9,3.2,8+ Years,Role DevOps; secondary Kubernetes; group Cloud; location Kolkata; domain Healthcare; experience 8.8; certification ISTQB; preferred domain Telecom; work mode Remote,79.87,8.0,Experience is close to required range,36.75,Normal,0,336
EMP0246,Sneha Singh,11.3,Power BI,Spark,Data,Chennai,Insurance,Allocated,4,Core Banking Modernization,2026-09-15,,B.Tech,Onsite,Technology,8.5,3.9,3.1,8+ Years,Role Power BI; secondary Spark; group Data; location Chennai; domain Insurance; experience 11.3; certification nan; preferred domain Technology; work mode Onsite,79.73,8.0,Experience is close to required range,36.69,Normal,0,337
EMP0150,Vikram Sharma,9.0,Python,AWS,Data,Chennai,Technology,On Notice,12,Available,2026-09-27,,B.E.,Remote,Telecom,8.2,3.6,4.2,8+ Years,Role Python; secondary AWS; group Data; location Chennai; domain Technology; experience 9.0; certification nan; preferred domain Telecom; work mode Remote,75.81,10.5,"Experience is close to required range, Strong previous project rating",36.62,Normal,0,338
EMP0260,Aarav Nair,9.4,API Testing,Docker,Testing,Kolkata,Insurance,On Notice,5,Available,2026-10-22,Scrum Master,M.Tech,Remote,Insurance,7.1,3.3,3.7,8+ Years,Role API Testing; secondary Docker; group Testing; location Kolkata; domain Insurance; experience 9.4; certification Scrum Master; preferred domain Insurance; work mode Remote,79.47,8.0,Experience is close to required range,36.59,Normal,0,339
EMP0239,Rohan Pillai,0.5,Automation Testing,Docker,Testing,Delhi,Manufacturing,Unallocated,77,Available,2026-09-28,ISTQB,M.Tech,Hybrid,Technology,0.2,3.6,3.9,0-2 Years,Role Automation Testing; secondary Docker; group Testing; location Delhi; domain Manufacturing; experience 0.5; certification ISTQB; preferred domain Technology; work mode Hybrid,75.94,10.0,Currently unallocated,36.38,Needs Attention,3,340
EMP0294,Neha Gupta,10.8,Kubernetes,Azure,Cloud,Mumbai,Healthcare,Allocated,4,CRM Upgrade,2026-10-07,Power BI Certification,M.Tech,Remote,Telecom,5.3,2.7,3.3,8+ Years,Role Kubernetes; secondary Azure; group Cloud; location Mumbai; domain Healthcare; experience 10.8; certification Power BI Certification; preferred domain Telecom; work mode Remote,78.73,8.0,Experience is close to required range,36.29,Normal,0,341
EMP0119,Rohan Kulkarni,8.4,Cypress,DAX,Testing,Mumbai,Technology,Allocated,5,CRM Upgrade,2026-08-19,Java Certification,B.Tech,Onsite,Manufacturing,3.5,2.5,3.3,8+ Years,Role Cypress; secondary DAX; group Testing; location Mumbai; domain Technology; experience 8.4; certification Java Certification; preferred domain Manufacturing; work mode Onsite,78.37,8.0,Experience is close to required range,36.15,Normal,0,342
EMP0308,Sneha Nair,10.7,TypeScript,Python,Frontend,Delhi,Healthcare,Allocated,14,Cloud Transformation,2026-10-30,AWS Certified,B.Sc,Remote,Telecom,4.0,2.7,3.3,8+ Years,Role TypeScript; secondary Python; group Frontend; location Delhi; domain Healthcare; experience 10.7; certification AWS Certified; preferred domain Telecom; work mode Remote,78.26,8.0,Experience is close to required range,36.1,Normal,0,343
EMP0050,Anil Pillai,1.9,Data Engineering,Python,Data,Pune,Healthcare,Allocated,12,Digital Payments,2026-10-16,AWS Certified,MCA,Onsite,Retail,1.4,2.6,3.1,0-2 Years,Role Data Engineering; secondary Python; group Data; location Pune; domain Healthcare; experience 1.9; certification AWS Certified; preferred domain Retail; work mode Onsite,77.7,8.0,Experience is close to required range,35.88,Normal,3,344
EMP0013,Priya Patel,9.1,Azure,AWS,Cloud,Pune,Retail,Allocated,6,CRM Upgrade,2026-09-22,,B.Tech,Onsite,Manufacturing,8.6,2.7,3.5,8+ Years,Role Azure; secondary AWS; group Cloud; location Pune; domain Retail; experience 9.1; certification nan; preferred domain Manufacturing; work mode Onsite,77.41,8.0,Experience is close to required range,35.76,Normal,0,345
EMP0107,Nisha Joshi,1.9,Kubernetes,DAX,Cloud,Delhi,Healthcare,Allocated,2,CRM Upgrade,2026-09-22,Azure Certified,B.E.,Remote,Manufacturing,0.7,3.7,3.8,0-2 Years,Role Kubernetes; secondary DAX; group Cloud; location Delhi; domain Healthcare; experience 1.9; certification Azure Certified; preferred domain Manufacturing; work mode Remote,76.68,8.0,Experience is close to required range,35.47,Normal,3,346
EMP0237,Rohan Verma,1.1,Automation Testing,React,Testing,Kolkata,Healthcare,Allocated,5,Customer Portal,2026-08-10,,M.Tech,Hybrid,Retail,1.0,2.6,3.1,0-2 Years,Role Automation Testing; secondary React; group Testing; location Kolkata; domain Healthcare; experience 1.1; certification nan; preferred domain Retail; work mode Hybrid,76.46,8.0,Experience is close to required range,35.38,Normal,3,347
EMP0214,Nisha Reddy,0.7,Spark,Postman,Data,Pune,Technology,Allocated,9,Digital Payments,2026-08-30,GCP Certified,M.Tech,Onsite,Healthcare,0.6,3.3,4.3,0-2 Years,Role Spark; secondary Postman; group Data; location Pune; domain Technology; experience 0.7; certification GCP Certified; preferred domain Healthcare; work mode Onsite,81.86,2.5,Strong previous project rating,34.24,Normal,3,348
EMP0200,Priya Verma,0.7,SQL,Python,Data,Kolkata,Retail,Allocated,4,Digital Payments,2026-09-17,Scrum Master,B.Sc,Hybrid,Retail,0.4,2.8,2.9,0-2 Years,Role SQL; secondary Python; group Data; location Kolkata; domain Retail; experience 0.7; certification Scrum Master; preferred domain Retail; work mode Hybrid,80.7,0.0,General profile relevance,32.28,Normal,3,349
EMP0126,Vikram Reddy,0.6,SQL,React,Data,Delhi,Telecom,Allocated,3,API Modernization,2026-08-18,,M.Tech,Hybrid,Technology,0.3,2.9,3.6,0-2 Years,Role SQL; secondary React; group Data; location Delhi; domain Telecom; experience 0.6; certification nan; preferred domain Technology; work mode Hybrid,80.09,0.0,General profile relevance,32.04,Normal,3,350
